,x,y
0,53920,42968
1,52019,42206
2,52570,42476
3,54220,42081
4,54268,43420
5,52288,42408
6,54436,39727
7,52391,44323
8,54995,43655
9,53761,43403
10,53769,43786
11,52883,41365
12,54448,42846
13,53358,40498
14,54626,43461
15,53751,42326
16,52714,41735
17,53545,43025
18,55281,41180
19,52522,42088
20,53825,42358
21,54951,43538
22,55113,40262
23,53366,41560
24,52425,42226
25,53729,43219
26,54658,41295
27,53236,44502
28,54569,43519
29,55192,40969
30,52661,42382
31,54389,41903
32,54931,42810
33,55003,43219
34,56382,43858
35,54258,44302
36,53785,43039
37,53844,44271
38,53568,38856
39,53300,41958
40,54027,39799
41,54307,44020
42,52648,43224
43,51953,41115
44,56370,40191
45,53655,41979
46,49832,41548
47,54146,41202
48,52375,41772
49,54484,41591
50,51271,41252
51,53894,43780
52,51496,42107
53,55580,41750
54,52235,43593
55,53009,45720
56,52895,40396
57,52314,40370
58,53527,43264
59,51552,42936
60,54356,43953
61,51788,41827
62,53644,44911
63,51526,41555
64,52460,41243
65,52790,40829
66,53560,43487
67,55317,41567
68,54211,42145
69,52736,43734
70,54220,41543
71,55487,40680
72,53164,42365
73,54372,42125
74,52296,42854
75,51853,42724
76,55470,42381
77,55843,43461
78,53041,41762
79,56020,44948
80,54572,42044
81,55615,39213
82,51784,42659
83,54678,42358
84,55264,42101
85,53628,45140
86,51676,41313
87,52069,42197
88,53695,41876
89,52425,41797
90,55562,40697
91,53371,40882
92,53015,43465
93,53484,45006
94,54684,41479
95,52344,45540
96,56100,40476
97,57237,41749
98,52220,40576
99,53611,42444
100,54594,43850
101,51844,42736
102,53038,41204
103,54636,40466
104,52845,43435
105,53530,39504
106,53417,43154
107,55258,43614
108,54519,43642
109,51681,45290
110,49313,41972
111,55194,44097
112,55109,41603
113,53142,43422
114,53656,41913
115,49901,43636
116,53632,43440
117,53989,42372
118,53334,41711
119,53446,41789
120,53340,41575
121,53856,41857
122,54385,42851
123,53719,41851
124,56661,40693
125,54461,41699
126,53281,43550
127,53105,43114
128,51737,40814
129,50511,45158
130,56075,43071
131,55576,41873
132,54356,42479
133,54014,43208
134,54239,41432
135,56462,42733
136,53340,39854
137,55692,42420
138,55367,43043
139,53716,44044
140,51634,41676
141,56679,42675
142,54172,41958
143,51823,40542
144,53576,42596
145,55265,39986
146,52639,41267
147,54347,42795
148,53612,42060
149,53398,43770
150,49899,48712
151,50062,49584
152,49344,47683
153,50670,46231
154,53288,48577
155,52169,49412
156,51152,46601
157,50763,49169
158,49126,46607
159,50904,49470
160,50881,47814
161,53902,49665
162,50462,47490
163,52624,50362
164,51021,48653
165,50826,48127
166,51805,49498
167,52195,49730
168,53579,47959
169,50801,48595
170,51406,49935
171,50128,50181
172,52315,49319
173,51436,48575
174,50422,49794
175,49230,49949
176,50468,48101
177,52922,47579
178,50211,47660
179,50048,46949
180,51858,49406
181,51096,48445
182,49520,49471
183,50393,50758
184,51586,46956
185,54046,46829
186,50415,50077
187,52875,46329
188,50095,50565
189,50470,51527
190,48995,47894
191,53082,48779
192,49852,50340
193,52092,49784
194,50817,50224
195,49486,49476
196,49049,47984
197,48535,46223
198,51012,48233
199,49587,48428
200,52464,47550
201,49969,48068
202,52681,47241
203,52638,48501
204,52221,48520
205,52812,47526
206,49778,47221
207,50719,47508
208,50193,49198
209,50687,48010
210,51946,46605
211,52617,49342
212,52617,49460
213,50676,47882
214,51860,47899
215,48536,49021
216,51504,49603
217,51653,48685
218,48525,47944
219,50002,49200
220,50184,49458
221,53053,49269
222,50042,49853
223,50696,46255
224,50300,48715
225,51437,48623
226,51379,48160
227,51144,47263
228,50876,49734
229,51413,46135
230,50533,49789
231,51135,47611
232,51320,49118
233,52559,52735
234,52221,48011
235,53397,48783
236,51245,50137
237,50507,50951
238,51487,49624
239,48837,48575
240,50652,48996
241,49663,50428
242,49419,45147
243,49601,47857
244,48350,47100
245,48039,50185
246,50893,51127
247,50739,49679
248,52081,49489
249,51496,46588
250,50435,48231
251,51497,47766
252,51939,49800
253,50580,48511
254,49809,50064
255,51722,48853
256,50358,47959
257,50638,48026
258,51885,49564
259,52500,51313
260,53006,51319
261,50172,47860
262,50014,49077
263,48904,50964
264,52581,48207
265,50885,47744
266,51145,51511
267,52560,50814
268,48720,48943
269,50949,48339
270,47763,47492
271,48093,48847
272,50277,49607
273,49807,48319
274,52226,49015
275,52224,49464
276,49725,48980
277,50350,48070
278,50925,48541
279,51546,49680
280,51152,48744
281,49375,48754
282,49329,44378
283,50618,50504
284,49498,47624
285,50908,47596
286,51427,48795
287,53081,49230
288,52021,50652
289,50696,49628
290,51443,48057
291,52385,48925
292,50587,48838
293,48529,46961
294,50929,52530
295,50067,49584
296,52239,50403
297,51380,46816
298,49541,47532
299,49049,50053
300,58870,45226
301,59374,44507
302,59253,49893
303,61300,45277
304,61653,43778
305,59953,45389
306,60861,44796
307,61930,46257
308,58671,45183
309,60593,45861
310,58420,44781
311,61855,46137
312,61133,44700
313,61112,45484
314,63134,47142
315,61235,45053
316,57496,45405
317,60372,44439
318,60705,46366
319,61213,48245
320,58256,46216
321,59183,46253
322,60289,45788
323,59207,45335
324,62701,44788
325,59882,44607
326,61121,48956
327,57415,44881
328,57903,47229
329,59331,42999
330,60571,46112
331,60784,47752
332,58268,45701
333,60763,45925
334,62447,45235
335,60465,48014
336,59590,45610
337,59217,47651
338,62097,44621
339,58634,43703
340,61102,46312
341,61878,47010
342,61314,45663
343,60249,47899
344,59325,48978
345,59029,43137
346,60709,43461
347,57817,45498
348,61299,47746
349,59362,45997
350,62307,45105
351,60231,47183
352,59998,46912
353,60739,45570
354,61708,45883
355,59066,46619
356,58730,46803
357,57717,48281
358,57203,47382
359,58348,48287
360,60470,45476
361,58924,46965
362,58862,46266
363,59400,47672
364,60414,45052
365,61598,45003
366,58813,47990
367,60992,44265
368,59974,44364
369,61145,45932
370,60710,45087
371,58694,46824
372,59850,46681
373,58608,47945
374,58911,46230
375,61417,43176
376,59191,45551
377,58485,43415
378,62141,43026
379,63370,45884
380,58197,44714
381,61331,43082
382,60972,44250
383,60424,43917
384,62171,44736
385,59684,46141
386,60644,45680
387,59411,48115
388,59823,44185
389,62181,49244
390,60035,45759
391,58759,46105
392,60797,47826
393,62939,44089
394,61491,48260
395,62262,46903
396,59795,44489
397,61395,46119
398,58232,46796
399,57976,45578
400,61077,45880
401,61777,47582
402,62496,43916
403,60479,45423
404,58601,47656
405,61032,44031
406,58181,46222
407,59356,45572
408,55896,47225
409,59692,44645
410,60897,44915
411,59337,42941
412,57962,46260
413,57813,45740
414,59822,47324
415,61761,48521
416,61106,45858
417,60987,46482
418,61157,45321
419,61543,46490
420,57516,45058
421,60514,47708
422,58018,42944
423,62275,46474
424,62269,47075
425,59431,46355
426,59818,45806
427,58318,47500
428,60973,43825
429,58218,44486
430,60205,46653
431,60403,46465
432,60188,45957
433,59305,44215
434,60642,46219
435,61794,45089
436,60606,47553
437,61284,45441
438,61676,45255
439,59277,44809
440,59148,47748
441,61285,44544
442,59927,45471
443,59855,45241
444,62672,43501
445,61648,47644
446,61623,44381
447,60987,48401
448,60802,47068
449,61971,46440
450,59182,50285
451,59748,52499
452,58046,53129
453,61496,51630
454,57852,53639
455,59985,54614
456,57490,50448
457,59352,48444
458,58417,52216
459,60418,51972
460,58854,52919
461,60774,53105
462,61213,49916
463,55095,52085
464,57194,52148
465,61975,52117
466,58438,51888
467,59017,51283
468,60119,54375
469,59899,50243
470,62409,53289
471,59807,48360
472,60373,53833
473,60248,51796
474,60684,53227
475,61369,51251
476,58147,53037
477,59753,52591
478,60652,51129
479,59461,51341
480,58158,49589
481,61310,49722
482,59200,52802
483,59593,51890
484,56593,51088
485,59163,55436
486,60981,52675
487,60806,52983
488,59334,48886
489,57234,52296
490,62246,51019
491,60982,50994
492,61562,49999
493,59552,50865
494,59088,53114
495,59087,49401
496,57564,52301
497,61744,53939
498,58386,54126
499,60678,50751
500,57622,49400
501,60525,50455
502,59770,52990
503,59152,52109
504,58007,51251
505,60072,51501
506,61512,52776
507,60005,50898
508,60165,49050
509,59865,51003
510,58335,50170
511,58052,52197
512,62430,53034
513,60343,52190
514,59949,51416
515,60403,53557
516,57196,52798
517,60011,49886
518,57242,49888
519,56580,50897
520,56608,53024
521,58583,52766
522,58547,53001
523,62336,54289
524,64691,50948
525,57681,51657
526,60945,52204
527,58014,53809
528,61347,49963
529,60564,52271
530,59474,51569
531,59922,51370
532,60617,52220
533,58855,51176
534,57548,53060
535,57486,51799
536,62641,51926
537,59666,52447
538,61682,51161
539,58859,51826
540,59471,50576
541,59316,50743
542,58702,51112
543,58906,50218
544,58633,54156
545,59252,49744
546,62330,52499
547,60574,51754
548,60484,51739
549,60563,49392
550,60013,52410
551,57890,53523
552,59797,51090
553,58670,51762
554,60313,49557
555,56378,51069
556,58622,50401
557,58860,51752
558,61255,52264
559,58647,53533
560,62442,52636
561,61004,52248
562,56054,52169
563,60445,52542
564,59447,51355
565,58059,53563
566,57587,52335
567,60038,53227
568,59047,53225
569,60163,52927
570,57061,49822
571,58286,52031
572,59838,50740
573,60235,50875
574,59972,50086
575,61787,53406
576,60086,50479
577,59818,50359
578,59427,51337
579,59379,48500
580,58801,52767
581,58936,51829
582,58176,53199
583,59128,50589
584,59307,52419
585,61265,51193
586,59533,51023
587,60657,50999
588,57791,52937
589,60801,50837
590,60502,53335
591,60320,49012
592,59457,52582
593,58792,52100
594,57652,51718
595,57388,51212
596,58281,54245
597,62349,52922
598,57964,48880
599,59620,52129
600,43478,45608
601,45419,45927
602,46656,46590
603,45018,45803
604,43759,44307
605,42188,44864
606,43054,45478
607,45434,43766
608,44946,42258
609,43835,45332
610,43462,45636
611,44202,45854
612,45537,45294
613,44871,46713
614,43519,46607
615,45255,49117
616,45792,44032
617,43714,42881
618,44310,46642
619,45233,43756
620,44444,44968
621,43338,46099
622,42970,46238
623,41967,46740
624,44441,45522
625,44777,44263
626,44436,47374
627,43155,45637
628,45590,45829
629,44781,45786
630,43601,46919
631,46305,45959
632,41869,44010
633,43346,44722
634,42205,44895
635,44128,43566
636,42729,46022
637,44993,47285
638,43292,46926
639,43911,45724
640,43953,45891
641,45779,47297
642,42357,44214
643,44328,43843
644,42809,47544
645,43157,42754
646,43925,45390
647,43115,47237
648,43073,45662
649,45030,47358
650,44305,47441
651,44191,46111
652,45748,45373
653,41650,44288
654,42350,45677
655,44121,45686
656,42073,47804
657,43537,44164
658,45307,46959
659,44906,44367
660,45483,49576
661,46259,47739
662,45462,46015
663,44314,46552
664,44773,44472
665,44108,47308
666,44630,45910
667,44403,45462
668,45455,47051
669,44222,47283
670,44720,46277
671,41762,45856
672,44441,44084
673,46080,45581
674,44860,45401
675,45467,46484
676,43637,47501
677,44730,44597
678,45639,46267
679,45155,46300
680,42885,43424
681,41809,46177
682,44570,47080
683,45621,43643
684,43997,43614
685,45602,47699
686,45323,45375
687,44009,45753
688,45568,45030
689,41393,47923
690,44731,45782
691,45463,44569
692,40980,46486
693,43674,44582
694,45222,46187
695,44653,46583
696,41685,46400
697,43546,46236
698,46164,46580
699,45144,44224
700,44657,45522
701,45636,44805
702,43893,45804
703,46325,46465
704,43637,46126
705,44980,46433
706,43154,46704
707,46369,46355
708,45492,45184
709,43310,47950
710,45171,45436
711,44134,45523
712,45170,46219
713,44343,46331
714,44628,44128
715,45053,41413
716,43236,42815
717,42442,46509
718,43759,47038
719,45990,47668
720,42589,46455
721,43547,46694
722,41543,44527
723,44149,46507
724,43133,44100
725,43126,46942
726,45410,45844
727,45070,46149
728,45122,46441
729,44795,45763
730,44955,44084
731,45013,46448
732,43759,46136
733,45917,46768
734,44147,47245
735,45202,45985
736,40567,45043
737,41319,43486
738,46559,46467
739,46176,44368
740,45222,44704
741,42722,46767
742,41645,44900
743,43028,46704
744,43797,45072
745,43056,45372
746,41745,43699
747,47649,44608
748,45236,46488
749,46727,44810
750,37419,43143
751,37688,42247
752,38376,43893
753,36237,45217
754,38722,44656
755,38742,45054
756,38421,45050
757,37021,45533
758,37149,42966
759,36392,42287
760,36035,44994
761,37456,43316
762,36940,44599
763,38839,45059
764,38276,44131
765,40551,43121
766,35426,43662
767,37080,44440
768,38532,46215
769,38633,44936
770,38642,43168
771,39339,43794
772,38452,41706
773,37408,42437
774,36730,42052
775,39154,45425
776,39714,43112
777,39198,44876
778,35566,43812
779,38652,43589
780,38257,43698
781,36061,44909
782,39127,44669
783,38187,42502
784,38313,42918
785,36147,45864
786,39845,43456
787,41604,45123
788,36236,42655
789,36689,41595
790,38541,45422
791,38141,42987
792,39051,42209
793,37956,45047
794,35422,43143
795,36552,42273
796,41287,43899
797,39519,44357
798,36873,44927
799,38370,43590
800,38020,42414
801,36792,46817
802,38472,44317
803,36964,44248
804,36798,43188
805,37909,44007
806,37898,42264
807,37621,44330
808,35834,41572
809,35738,47404
810,37356,43223
811,37533,46903
812,36513,41768
813,34472,44986
814,35499,44956
815,36848,44872
816,38384,44349
817,36227,42607
818,39468,45148
819,36477,43178
820,38840,47026
821,37168,42902
822,39130,44427
823,36148,42756
824,34465,45660
825,38121,42817
826,41173,45297
827,39118,43300
828,37594,43236
829,39978,47150
830,34263,44388
831,37344,45244
832,35668,45488
833,38895,46953
834,36736,41209
835,37139,46473
836,39769,44240
837,37555,48222
838,38628,42083
839,36138,45361
840,37989,44472
841,36908,44224
842,33901,42137
843,36302,41425
844,37457,45359
845,35407,45071
846,37611,43696
847,37488,43554
848,36494,44775
849,36028,44106
850,37862,44856
851,40421,43286
852,36328,41576
853,37066,46005
854,37452,45645
855,40608,42385
856,37533,45788
857,36006,44533
858,34763,47185
859,37961,43017
860,38628,42425
861,35529,42411
862,39743,44229
863,36956,41087
864,35990,44312
865,37781,43675
866,38162,42849
867,38631,42382
868,39806,44052
869,38792,42731
870,36207,44053
871,36670,43457
872,35812,44237
873,37933,44275
874,36655,43690
875,41421,45183
876,36624,43557
877,37216,42103
878,38471,45196
879,37423,43821
880,38879,43601
881,36314,42899
882,38046,43222
883,38334,44983
884,37281,43566
885,36633,45907
886,36104,44858
887,38928,44200
888,37878,44712
889,36730,46380
890,37712,41709
891,38167,44955
892,37277,43318
893,37223,44069
894,39717,45768
895,35514,43719
896,36436,42042
897,38171,43484
898,38156,42125
899,36941,45215
900,35579,48814
901,37634,49608
902,36225,48957
903,34355,49584
904,36650,49853
905,35241,51921
906,33990,50289
907,35412,50437
908,37225,51572
909,34150,49267
910,33253,51495
911,36105,51866
912,34822,51148
913,38237,48625
914,36039,48341
915,34297,47566
916,32678,49616
917,37350,50837
918,35002,47288
919,35272,50981
920,35964,51413
921,35483,51071
922,37530,50158
923,33031,49839
924,36249,48621
925,37262,48931
926,36821,50119
927,37033,49325
928,34168,50938
929,34843,49771
930,37561,49995
931,36796,52430
932,36192,49919
933,35770,52042
934,34686,49648
935,36048,49597
936,35565,48339
937,35546,49505
938,38017,49279
939,37639,51837
940,35339,47420
941,38382,50918
942,35671,48294
943,33398,51137
944,37861,51564
945,32927,49254
946,35706,52352
947,37843,47251
948,36509,47537
949,36854,51151
950,35189,50295
951,38406,50159
952,34709,49183
953,37294,50423
954,35400,49266
955,36094,47907
956,38961,50227
957,35159,50779
958,35939,49289
959,38855,49311
960,35227,48318
961,35781,49561
962,37371,50259
963,35080,47863
964,34416,49861
965,34118,47242
966,37140,50855
967,34842,51826
968,36632,50048
969,35660,50287
970,35736,50946
971,36861,48856
972,36427,47279
973,36048,49799
974,35227,50595
975,33610,47960
976,34968,49788
977,34845,46900
978,35024,48489
979,36339,51173
980,34466,48775
981,38087,50225
982,36443,51660
983,33720,49736
984,35539,50166
985,35419,49363
986,35945,49817
987,36246,51152
988,36307,50278
989,36381,52770
990,36988,51376
991,36844,49197
992,35763,53479
993,34452,49372
994,36683,51494
995,34557,49672
996,37730,52956
997,36351,49891
998,33688,51396
999,35642,50452
1000,33588,49671
1001,34530,49906
1002,33187,50018
1003,32941,47506
1004,37958,47446
1005,34185,51296
1006,31544,51040
1007,34534,50571
1008,33711,49295
1009,35069,49627
1010,36077,51330
1011,34309,50421
1012,34612,50949
1013,37262,49369
1014,37673,49210
1015,37296,49056
1016,35860,51362
1017,36089,50994
1018,32563,49750
1019,34552,51425
1020,36578,48187
1021,36380,52882
1022,34179,51422
1023,37032,49709
1024,32539,50210
1025,35552,48305
1026,37884,50585
1027,34466,50054
1028,36875,49080
1029,34891,51236
1030,36511,50864
1031,34829,50197
1032,36892,52297
1033,35829,51420
1034,34882,52761
1035,34294,51247
1036,35103,50857
1037,37587,52358
1038,34707,50043
1039,36536,50600
1040,36059,49522
1041,37330,47493
1042,36155,46086
1043,35458,49189
1044,38302,47823
1045,34539,48042
1046,35942,48277
1047,34071,46853
1048,37009,50665
1049,38026,49433
1050,30675,45875
1051,30226,45636
1052,28960,43900
1053,29217,46188
1054,30475,46664
1055,31713,42464
1056,33218,47967
1057,29143,44064
1058,28126,45449
1059,30038,41895
1060,30739,46310
1061,29558,46597
1062,31896,46740
1063,30517,46707
1064,29210,43704
1065,28471,44259
1066,29530,46416
1067,30682,45890
1068,29819,47338
1069,30642,44576
1070,31737,43229
1071,27470,46279
1072,29989,43024
1073,30491,41203
1074,31052,44147
1075,32661,43644
1076,30196,46361
1077,31796,47101
1078,31503,46222
1079,35614,43967
1080,28084,44238
1081,30778,45509
1082,31788,45290
1083,33695,46149
1084,30676,44504
1085,30775,47047
1086,33363,45845
1087,30177,45673
1088,30718,44320
1089,32597,45301
1090,32054,44723
1091,30608,45304
1092,30150,45514
1093,29362,47441
1094,28155,45255
1095,32486,45285
1096,31524,44845
1097,32405,46570
1098,31145,45032
1099,30406,42221
1100,30378,43157
1101,31392,45745
1102,31258,45528
1103,30153,43073
1104,31803,46564
1105,32331,43438
1106,28880,45886
1107,29106,43182
1108,30371,41309
1109,30169,46439
1110,31402,46870
1111,29600,45499
1112,30568,47317
1113,31713,45798
1114,30308,43899
1115,30056,46474
1116,31518,45790
1117,31378,46911
1118,28892,44763
1119,30089,44084
1120,31846,45640
1121,31451,44728
1122,31792,46103
1123,30975,44646
1124,31857,46295
1125,31927,45410
1126,30762,45322
1127,28376,40273
1128,29306,45710
1129,31804,46189
1130,30821,42973
1131,30897,43545
1132,30736,46717
1133,27766,44204
1134,30728,45467
1135,29332,46456
1136,31226,44887
1137,30403,46958
1138,31207,45861
1139,29722,45294
1140,29544,45272
1141,30413,43945
1142,32592,43841
1143,31658,45403
1144,28687,45223
1145,30273,44274
1146,29649,45100
1147,30242,43888
1148,30001,43057
1149,31469,44399
1150,31734,46293
1151,30194,43974
1152,28679,44857
1153,31805,47786
1154,29639,43920
1155,30786,43828
1156,30138,45972
1157,31645,47208
1158,29481,45044
1159,30664,43973
1160,29237,44457
1161,29241,45255
1162,30956,44177
1163,30418,44657
1164,33186,43524
1165,32604,42927
1166,30760,45924
1167,29000,46113
1168,30500,45100
1169,32691,45377
1170,33747,47399
1171,29227,43639
1172,28256,46556
1173,31224,44430
1174,29669,44764
1175,31589,43691
1176,30752,42842
1177,29480,44494
1178,29536,45838
1179,29841,45013
1180,29438,45456
1181,29523,45164
1182,34312,48755
1183,29750,44627
1184,30250,43330
1185,29914,44719
1186,31364,46251
1187,34201,45579
1188,29922,47165
1189,29989,44983
1190,31509,44947
1191,29334,44178
1192,31176,45220
1193,29877,45141
1194,31080,43735
1195,28598,42577
1196,30250,44975
1197,30980,45062
1198,31263,44804
1199,30558,42982
1200,23546,44360
1201,25573,44780
1202,21532,47321
1203,24237,44158
1204,23150,45300
1205,24230,43575
1206,24182,42995
1207,25497,44630
1208,24340,44827
1209,24089,45670
1210,24853,44478
1211,21937,44614
1212,20206,44751
1213,24014,44873
1214,21687,44979
1215,21910,43685
1216,22857,44913
1217,23965,43943
1218,25894,44842
1219,22628,46075
1220,25419,43906
1221,23581,45323
1222,23317,46060
1223,23142,45358
1224,22111,46728
1225,21778,45368
1226,21180,46364
1227,21778,43648
1228,23262,45277
1229,24619,43309
1230,21823,46630
1231,23171,43916
1232,24986,45528
1233,21894,45553
1234,23642,45424
1235,24368,44559
1236,22821,45763
1237,20705,45156
1238,22593,45289
1239,23196,42015
1240,21889,45210
1241,23114,43770
1242,20960,43907
1243,22358,44973
1244,21348,47547
1245,20459,45221
1246,23395,45244
1247,23223,45774
1248,23398,43760
1249,24262,42826
1250,24041,46280
1251,22984,45050
1252,20993,44150
1253,22116,47089
1254,22296,44995
1255,23089,45196
1256,20887,43671
1257,22731,44689
1258,20848,44658
1259,22850,45783
1260,23292,44226
1261,24581,42479
1262,24009,40481
1263,24431,44071
1264,25890,42857
1265,23364,44594
1266,23560,45345
1267,22335,44581
1268,23525,44402
1269,23472,42592
1270,21585,44932
1271,20582,45959
1272,25500,47603
1273,20910,46307
1274,23086,44507
1275,24480,44200
1276,24217,45276
1277,25177,42247
1278,23661,43901
1279,23530,46214
1280,24222,46031
1281,23540,46249
1282,22653,42993
1283,21390,45195
1284,23972,42333
1285,25901,45959
1286,23049,46303
1287,24173,42512
1288,24429,44491
1289,22692,46645
1290,22943,46047
1291,23296,41980
1292,22009,45047
1293,26138,44924
1294,21295,43673
1295,21975,45075
1296,23609,44895
1297,23460,47149
1298,23302,45363
1299,24028,45179
1300,24885,46243
1301,24134,44700
1302,22102,42383
1303,24732,44326
1304,22650,44599
1305,23958,43121
1306,24637,44635
1307,23443,44200
1308,24538,43590
1309,22753,44896
1310,22988,44118
1311,20058,45994
1312,20242,44737
1313,25485,47105
1314,21892,44677
1315,25214,45978
1316,27034,45408
1317,22228,43134
1318,24676,43516
1319,22714,45420
1320,21762,43634
1321,20656,43529
1322,25217,45683
1323,23000,44680
1324,22065,46398
1325,23656,46993
1326,21105,45331
1327,23451,44560
1328,25001,45627
1329,22208,47545
1330,24559,45955
1331,23380,43227
1332,22711,44137
1333,27120,46386
1334,25359,46497
1335,21313,45338
1336,20796,45252
1337,26277,46870
1338,24322,44460
1339,24053,47675
1340,24655,43256
1341,23468,44180
1342,20234,45802
1343,23232,45993
1344,23335,44159
1345,25373,45642
1346,25030,44573
1347,22267,42799
1348,24209,47858
1349,21951,43577
1350,56176,36609
1351,59462,34644
1352,57364,38191
1353,58261,39244
1354,55214,34719
1355,56892,36749
1356,55705,35150
1357,59028,34433
1358,51119,34201
1359,54092,34141
1360,54902,35784
1361,56619,39634
1362,57706,36957
1363,58015,33030
1364,58207,32668
1365,54759,34673
1366,56262,31753
1367,57302,35955
1368,53683,36353
1369,56654,34800
1370,56001,35127
1371,51819,34952
1372,53589,34387
1373,55126,35679
1374,55951,35172
1375,55962,36357
1376,57090,35856
1377,55961,36119
1378,57952,35957
1379,54804,34530
1380,56079,35838
1381,55264,37963
1382,56912,35113
1383,55952,34236
1384,54560,35032
1385,56076,35702
1386,56576,35512
1387,54915,34318
1388,57466,37210
1389,56290,36371
1390,55884,33627
1391,54867,34149
1392,57676,32271
1393,54736,36726
1394,55909,35079
1395,52540,35742
1396,55673,36783
1397,56571,36615
1398,56853,36827
1399,56634,36092
1400,54797,34991
1401,56083,34642
1402,57324,34734
1403,56644,33949
1404,56599,31660
1405,56909,34845
1406,55175,36385
1407,55355,35132
1408,57163,32632
1409,54656,35199
1410,55689,35957
1411,56210,37841
1412,56420,33286
1413,57009,36334
1414,57114,36454
1415,55423,35207
1416,54628,35291
1417,55716,34829
1418,55690,36922
1419,58721,31746
1420,57952,36070
1421,51985,34337
1422,58641,32430
1423,56192,35316
1424,56985,35542
1425,56465,36117
1426,57200,35693
1427,55891,34988
1428,58275,34756
1429,56789,33822
1430,55176,34355
1431,58714,33665
1432,55969,36361
1433,57499,36311
1434,56688,33167
1435,54920,35189
1436,58069,35003
1437,55914,37384
1438,55815,35267
1439,57936,38129
1440,56861,35184
1441,56861,38405
1442,54781,34591
1443,55682,34915
1444,54042,36812
1445,56237,35712
1446,55828,33876
1447,56932,34467
1448,55823,36440
1449,54195,36520
1450,57430,34173
1451,52061,36486
1452,56465,35823
1453,55387,34283
1454,56115,34542
1455,58287,35455
1456,58122,34536
1457,54879,35558
1458,56704,37607
1459,54624,33896
1460,55040,35677
1461,56966,36054
1462,55765,34591
1463,54698,36576
1464,54640,37322
1465,56910,36503
1466,56505,34457
1467,55554,34429
1468,55308,34833
1469,54795,38573
1470,58551,34542
1471,58552,34610
1472,54441,36098
1473,55130,32613
1474,57531,34633
1475,57117,35949
1476,53109,36784
1477,55451,34185
1478,55902,34462
1479,56280,36718
1480,60540,34103
1481,57818,36474
1482,55106,35479
1483,57263,34076
1484,56080,35833
1485,56863,33600
1486,58485,35736
1487,52366,33053
1488,57484,33755
1489,52702,37078
1490,54155,33837
1491,54147,34725
1492,55576,35700
1493,55113,34231
1494,56397,33198
1495,56312,34576
1496,55244,36679
1497,57107,35175
1498,56661,33449
1499,56695,34640
1500,56617,59228
1501,57407,59011
1502,58901,60114
1503,57352,60812
1504,59438,56138
1505,57806,56025
1506,56503,61166
1507,56656,59358
1508,60170,57766
1509,58685,61322
1510,57369,60485
1511,55600,58573
1512,57043,58533
1513,59247,57869
1514,58089,61808
1515,57935,60848
1516,56349,57876
1517,56204,60259
1518,57641,60726
1519,60182,57521
1520,60022,56705
1521,59962,57459
1522,58378,59625
1523,59183,58245
1524,60186,59053
1525,56402,60540
1526,56630,61148
1527,55643,56983
1528,57911,59161
1529,59977,60098
1530,57235,58560
1531,58478,61185
1532,57070,61127
1533,58937,59801
1534,60236,58666
1535,59205,61100
1536,59632,59033
1537,58405,58920
1538,57021,59529
1539,58016,59802
1540,57012,58442
1541,57109,59398
1542,58320,58589
1543,56113,58391
1544,59556,56505
1545,56852,60804
1546,56330,57895
1547,55965,58019
1548,56902,58672
1549,57580,59406
1550,58353,62374
1551,56977,59124
1552,56207,58396
1553,56837,58776
1554,57860,58007
1555,59493,59925
1556,56965,55756
1557,58453,57611
1558,60288,59039
1559,56472,60292
1560,57270,58393
1561,57411,57810
1562,54495,56286
1563,57471,60708
1564,57040,59231
1565,55069,58403
1566,58582,60563
1567,58507,59221
1568,55963,58727
1569,58266,59937
1570,58350,59869
1571,57996,57100
1572,58359,59267
1573,56736,59120
1574,57191,58526
1575,58178,57912
1576,58133,59559
1577,60144,59867
1578,58858,58838
1579,58041,57627
1580,57871,57993
1581,57937,57398
1582,59274,57515
1583,58686,58126
1584,56089,59453
1585,59235,59746
1586,59003,61704
1587,57100,58084
1588,58711,59506
1589,56822,57104
1590,56951,60091
1591,58351,58972
1592,54707,58958
1593,56907,60861
1594,56458,62279
1595,56179,60407
1596,59771,58620
1597,57474,61592
1598,59145,57682
1599,58755,58852
1600,58171,59816
1601,58955,59061
1602,60558,58668
1603,60861,60660
1604,56223,58061
1605,55315,59105
1606,59297,57367
1607,57811,61984
1608,58264,58004
1609,56017,58866
1610,57858,56213
1611,57465,60338
1612,59063,61023
1613,56919,61704
1614,57420,56995
1615,56193,57306
1616,59212,58881
1617,59520,57478
1618,58805,58937
1619,58643,62544
1620,60648,59950
1621,57662,59776
1622,58328,59426
1623,59150,57549
1624,61702,59116
1625,55775,60586
1626,60172,57152
1627,57689,60812
1628,55641,58329
1629,55762,60953
1630,58683,56655
1631,57150,58278
1632,57181,60791
1633,60349,57522
1634,58681,58891
1635,58624,59242
1636,57407,59508
1637,54651,60660
1638,58807,58596
1639,59630,59564
1640,57108,59720
1641,56242,59503
1642,58202,60472
1643,57838,58760
1644,56085,59393
1645,55757,59177
1646,58911,56004
1647,56167,58614
1648,60299,57769
1649,59461,57251
1650,35512,36208
1651,33376,36551
1652,33828,36597
1653,36931,33530
1654,36370,38758
1655,36729,36670
1656,33514,34146
1657,36407,35495
1658,35630,35459
1659,34820,37180
1660,34921,35483
1661,37318,35818
1662,37576,34698
1663,36717,38099
1664,38530,37831
1665,39377,39534
1666,33950,37142
1667,34990,35506
1668,34783,33974
1669,36192,38539
1670,34219,37328
1671,34555,35089
1672,34158,36693
1673,36053,35896
1674,36195,37293
1675,36958,38782
1676,35325,37788
1677,35221,36740
1678,34808,33214
1679,35643,36981
1680,38225,37518
1681,36711,36937
1682,35197,38633
1683,35500,37367
1684,35899,36838
1685,35269,35770
1686,36065,35605
1687,38896,38874
1688,35552,35365
1689,34086,35320
1690,34657,37659
1691,36377,38481
1692,36208,36470
1693,36174,35366
1694,35185,36969
1695,36226,39249
1696,34648,35191
1697,36476,38652
1698,35034,37601
1699,32973,36846
1700,34943,35113
1701,36629,38099
1702,37612,38699
1703,35600,34522
1704,35161,35366
1705,34184,37127
1706,33194,36579
1707,37311,37517
1708,38567,35265
1709,35982,34177
1710,37489,35913
1711,31762,39479
1712,35747,35961
1713,35928,38445
1714,35638,32848
1715,37050,38142
1716,33116,38702
1717,34633,34884
1718,34746,37190
1719,33487,38175
1720,35714,35353
1721,36116,35530
1722,37434,37095
1723,35150,37142
1724,32495,35895
1725,34964,36011
1726,35946,35699
1727,36199,36941
1728,33997,35399
1729,35602,35147
1730,34553,36316
1731,38155,36389
1732,35358,36948
1733,33790,38439
1734,36047,36617
1735,34123,37958
1736,35751,36873
1737,34499,35534
1738,34955,36224
1739,32527,34568
1740,34988,36892
1741,37289,35052
1742,34333,37089
1743,36922,38430
1744,36639,38543
1745,35862,37994
1746,35706,35668
1747,35082,36107
1748,36706,35481
1749,34908,37903
1750,37647,35555
1751,35783,37166
1752,37402,36276
1753,35670,37962
1754,34946,37735
1755,33915,36655
1756,34505,38899
1757,33015,34994
1758,33736,36497
1759,35715,38983
1760,36897,38179
1761,37190,36876
1762,36506,37796
1763,35348,35091
1764,35158,36723
1765,36329,34019
1766,34189,35807
1767,35355,35916
1768,33189,39289
1769,37321,36461
1770,37955,38784
1771,33228,37025
1772,34885,37762
1773,36792,36418
1774,35316,33423
1775,33494,36540
1776,33419,32877
1777,33289,37628
1778,34116,36691
1779,36360,37624
1780,34564,38714
1781,35715,35049
1782,36260,35245
1783,35993,36755
1784,34947,37142
1785,34177,36131
1786,34666,35740
1787,34429,38562
1788,35129,38752
1789,36452,37390
1790,35397,38645
1791,38050,37010
1792,34639,35788
1793,32388,32912
1794,34595,33970
1795,35045,35212
1796,37004,35221
1797,35398,34770
1798,35668,37707
1799,35582,36628
1800,35758,61383
1801,37510,58769
1802,35937,58405
1803,33096,58751
1804,37411,59122
1805,37356,56126
1806,36024,58025
1807,35873,57697
1808,35043,57610
1809,38898,57418
1810,35756,56883
1811,35770,57807
1812,35393,59625
1813,32705,60775
1814,36112,57732
1815,37949,59005
1816,35942,60910
1817,35962,58314
1818,34975,56890
1819,36383,56022
1820,33530,56923
1821,35784,57029
1822,37004,59517
1823,38885,57734
1824,34875,58388
1825,35249,56647
1826,35783,56895
1827,36231,58437
1828,34200,56925
1829,34007,59541
1830,36695,57484
1831,38784,58347
1832,35592,58810
1833,34117,58619
1834,39624,59103
1835,33206,57563
1836,34604,59669
1837,36244,56138
1838,36930,55331
1839,37122,56772
1840,35993,58661
1841,37553,58116
1842,35848,59537
1843,38069,55943
1844,36066,57264
1845,32124,60045
1846,34899,58230
1847,34273,57126
1848,35111,58432
1849,35084,59440
1850,36584,56278
1851,37828,57851
1852,37832,60136
1853,37545,58893
1854,34908,60044
1855,34987,58420
1856,35275,57488
1857,38898,59326
1858,36797,57177
1859,36422,58722
1860,37089,58692
1861,38608,57465
1862,32095,59743
1863,35152,57713
1864,33558,57552
1865,37697,57060
1866,33063,56115
1867,36333,60512
1868,35787,56466
1869,32799,57530
1870,34681,58065
1871,35761,58216
1872,37112,58015
1873,39732,56921
1874,34913,61426
1875,37747,58700
1876,34791,58145
1877,34951,57945
1878,37506,58549
1879,35193,58621
1880,37935,58459
1881,36620,58389
1882,38451,59019
1883,34554,57983
1884,34159,58997
1885,36524,55728
1886,33395,58278
1887,34766,58226
1888,35824,58802
1889,38495,57407
1890,37013,61138
1891,34997,58446
1892,37319,55871
1893,34725,59050
1894,33199,57554
1895,35014,60821
1896,34503,57015
1897,37606,55666
1898,36898,56928
1899,39365,57730
1900,36491,57842
1901,34747,60283
1902,37080,56004
1903,36613,57187
1904,36411,60222
1905,36755,56506
1906,38026,57280
1907,33856,55956
1908,35289,56894
1909,37266,56882
1910,36339,59245
1911,34473,57654
1912,38077,58627
1913,36499,57389
1914,35972,56943
1915,34357,59322
1916,36181,57684
1917,35960,57198
1918,35581,56575
1919,35128,56951
1920,32935,60307
1921,32599,57242
1922,35589,56711
1923,33182,58518
1924,37456,56022
1925,35008,57917
1926,36887,58929
1927,34622,57152
1928,36318,58811
1929,33776,55987
1930,36379,60152
1931,34697,59793
1932,36394,58547
1933,34136,58308
1934,38034,58930
1935,34660,57638
1936,35981,57014
1937,36088,59612
1938,35259,57182
1939,35608,59727
1940,38215,56305
1941,35757,57154
1942,39108,56012
1943,35532,57502
1944,36791,56396
1945,36624,58909
1946,34771,59105
1947,36021,57104
1948,34483,57326
1949,36590,58007
1950,30519,60575
1951,29428,57368
1952,30187,59977
1953,34340,61421
1954,29923,60355
1955,30489,60077
1956,30296,61349
1957,30866,61518
1958,30182,61719
1959,28368,60908
1960,31926,61137
1961,28683,57407
1962,31067,60362
1963,30509,59837
1964,27876,58342
1965,33271,57782
1966,29384,62711
1967,29900,61662
1968,31942,60281
1969,31730,60252
1970,30227,60750
1971,32813,61223
1972,29611,60580
1973,28715,59480
1974,29218,59842
1975,28632,58133
1976,31228,60401
1977,28905,58423
1978,28036,60557
1979,30812,58352
1980,29795,59553
1981,31180,59521
1982,29076,64142
1983,31575,58716
1984,30790,59476
1985,30263,59404
1986,30148,61153
1987,31320,60589
1988,32172,60307
1989,29673,59444
1990,31229,60305
1991,30843,59648
1992,28195,61205
1993,29994,62114
1994,31175,60213
1995,27161,58169
1996,29683,60458
1997,32238,58780
1998,27350,59069
1999,30122,58919
2000,31670,61143
2001,28257,58652
2002,28721,59763
2003,30131,60185
2004,33108,58316
2005,28220,62367
2006,31245,59699
2007,28369,62327
2008,30721,60879
2009,31953,59220
2010,32018,59149
2011,30811,58156
2012,29254,59416
2013,29697,59137
2014,31812,61323
2015,30354,61456
2016,28198,60605
2017,30924,57500
2018,29247,59944
2019,32147,60334
2020,31134,58676
2021,31721,59362
2022,29427,60395
2023,28783,57383
2024,26472,60530
2025,31018,59733
2026,30262,60642
2027,30235,59736
2028,30890,60903
2029,30918,59961
2030,32966,61052
2031,32249,59188
2032,30408,63018
2033,30359,60314
2034,31477,59334
2035,32602,62162
2036,30499,61558
2037,31078,59348
2038,31397,60532
2039,30013,59736
2040,28794,56826
2041,29754,63112
2042,32753,58596
2043,27987,58149
2044,30571,61249
2045,30539,60470
2046,29782,61349
2047,29079,61553
2048,29691,61444
2049,32169,61430
2050,32179,62498
2051,28294,60680
2052,31265,60482
2053,32587,59699
2054,30750,58834
2055,26974,62911
2056,31076,58489
2057,30840,60498
2058,32539,58342
2059,27896,59461
2060,29766,58683
2061,29790,59882
2062,31982,57681
2063,29949,60400
2064,31465,60313
2065,29115,62802
2066,27314,59327
2067,29317,64018
2068,29895,58833
2069,30885,61062
2070,28036,58962
2071,30823,59078
2072,32856,59784
2073,30362,59196
2074,28541,58430
2075,27471,62782
2076,29643,57325
2077,31582,61732
2078,32004,62660
2079,27038,60527
2080,30099,59667
2081,28169,57906
2082,30742,63924
2083,32581,58888
2084,30334,59872
2085,31245,58928
2086,31379,58565
2087,31448,59927
2088,31470,59923
2089,28765,57296
2090,27973,59365
2091,29885,58983
2092,31657,59010
2093,29468,61338
2094,32938,61527
2095,28751,58360
2096,29694,59689
2097,29540,59352
2098,28078,58870
2099,29067,60173
2100,27091,54253
2101,25124,57119
2102,24089,56850
2103,25810,55297
2104,25926,58142
2105,24426,55480
2106,25210,58815
2107,25417,57487
2108,24312,54819
2109,26499,54391
2110,24887,53865
2111,25528,57475
2112,26769,56753
2113,28476,54046
2114,24636,56094
2115,24740,57086
2116,28047,56907
2117,24741,56290
2118,26841,54215
2119,27701,55093
2120,24882,54495
2121,26259,55919
2122,29105,56069
2123,26732,56854
2124,26151,55931
2125,24476,56502
2126,27713,57427
2127,27368,54677
2128,26140,55358
2129,23516,55985
2130,26211,56561
2131,27130,55011
2132,25948,55864
2133,25596,58567
2134,27205,55025
2135,28236,54891
2136,27897,57731
2137,27478,57943
2138,25888,54491
2139,27173,54448
2140,27532,59289
2141,26674,53557
2142,25846,54507
2143,25991,58191
2144,27551,56259
2145,28449,55196
2146,27670,56086
2147,26945,58804
2148,25177,55242
2149,25339,56578
2150,27126,54499
2151,25718,54991
2152,26385,53305
2153,27360,55934
2154,27288,56112
2155,27361,56240
2156,25878,52642
2157,26181,57969
2158,27473,55944
2159,25369,55414
2160,25655,56158
2161,26016,56218
2162,24424,56102
2163,25310,58129
2164,29533,56041
2165,25550,58911
2166,26789,53709
2167,26946,57437
2168,26058,58097
2169,26555,55832
2170,24231,55657
2171,28028,57612
2172,27149,56242
2173,28224,57542
2174,24968,57913
2175,25717,58732
2176,28411,56537
2177,25109,56417
2178,28547,57790
2179,26228,54976
2180,26848,55785
2181,25848,56325
2182,22974,56798
2183,26160,57328
2184,27525,54513
2185,24142,55523
2186,28861,57184
2187,25822,59362
2188,25222,55964
2189,24703,55336
2190,25646,54908
2191,28298,57069
2192,27859,55067
2193,25189,57568
2194,26965,56632
2195,27120,56152
2196,23696,54533
2197,24570,55662
2198,24288,57687
2199,27682,54025
2200,28689,57577
2201,25866,55125
2202,28892,56367
2203,27181,56894
2204,27722,55535
2205,26440,56269
2206,25068,56180
2207,25350,56240
2208,24894,55489
2209,26916,58640
2210,26856,58680
2211,26989,55322
2212,27587,57391
2213,28152,57574
2214,26384,59489
2215,27605,55558
2216,25129,54989
2217,25784,57903
2218,25439,55060
2219,27859,55438
2220,27879,53983
2221,26119,55228
2222,24690,57613
2223,26625,55961
2224,25593,53412
2225,28416,57001
2226,27467,57447
2227,25343,54674
2228,27552,55144
2229,25340,53689
2230,28399,57539
2231,24710,56117
2232,26359,56268
2233,27427,54209
2234,25496,52962
2235,25661,57052
2236,26695,59233
2237,27268,55029
2238,28234,53574
2239,24946,55995
2240,24659,58265
2241,23172,56902
2242,25794,56088
2243,28875,55935
2244,25031,56372
2245,25766,56091
2246,25819,57753
2247,26560,56548
2248,24824,54698
2249,27012,53620
2250,19025,62636
2251,19900,60714
2252,18954,57047
2253,19344,62840
2254,17751,61428
2255,21627,58160
2256,22326,60658
2257,19382,63395
2258,21972,60531
2259,20134,61633
2260,20702,61057
2261,21312,59368
2262,18481,60786
2263,18767,60985
2264,20334,61581
2265,19526,59848
2266,22697,58797
2267,19294,59703
2268,20526,60843
2269,18772,60025
2270,18039,59768
2271,21628,60449
2272,19021,61319
2273,18575,61722
2274,20836,59046
2275,20105,59016
2276,19699,62296
2277,18817,58878
2278,18943,58109
2279,18815,62114
2280,22810,58901
2281,21185,60062
2282,20509,59928
2283,20804,60148
2284,19594,59972
2285,18197,61377
2286,19537,61008
2287,19595,58362
2288,18875,60987
2289,21148,58036
2290,20417,60494
2291,18640,59549
2292,18415,57704
2293,19158,59031
2294,19098,60621
2295,19527,58633
2296,17848,61122
2297,21104,59172
2298,19291,57452
2299,19934,60059
2300,19522,63016
2301,18689,60259
2302,18453,61868
2303,18837,60633
2304,21045,63698
2305,18910,61556
2306,19054,59966
2307,19627,61579
2308,19455,56683
2309,19555,60570
2310,18121,58870
2311,20010,59733
2312,20066,61008
2313,22093,61464
2314,18862,58907
2315,20201,60795
2316,20130,59952
2317,16642,61808
2318,19757,56557
2319,19668,59725
2320,19400,59155
2321,19361,60098
2322,19050,60020
2323,20802,61143
2324,20315,58888
2325,20089,62129
2326,21129,61824
2327,19037,59703
2328,19762,60770
2329,20528,60152
2330,18805,60199
2331,17439,61792
2332,18764,59172
2333,19267,62597
2334,19058,56889
2335,18920,61294
2336,18703,62842
2337,20482,60234
2338,20238,61647
2339,18728,61944
2340,22126,61424
2341,20128,61744
2342,18698,58855
2343,20003,60955
2344,19073,60999
2345,16391,59781
2346,18783,62031
2347,17429,60166
2348,18201,61721
2349,20045,61007
2350,19904,61451
2351,18277,62796
2352,17796,59483
2353,19306,60051
2354,21523,61439
2355,19698,58963
2356,20282,58698
2357,20513,62539
2358,18124,58780
2359,19041,61593
2360,18552,59781
2361,20263,60620
2362,19681,57745
2363,21673,59416
2364,20812,62779
2365,19719,60027
2366,20454,62980
2367,17880,59110
2368,20713,58152
2369,22211,58498
2370,18661,59697
2371,21799,60449
2372,20230,60131
2373,20187,59082
2374,19560,60184
2375,20009,60409
2376,19007,61003
2377,18182,57369
2378,20612,58724
2379,16944,58772
2380,19439,61775
2381,19685,60178
2382,20653,62961
2383,18288,60306
2384,21349,61968
2385,21514,61173
2386,20433,59887
2387,18757,59265
2388,19628,61511
2389,17601,61680
2390,20274,60701
2391,20308,60378
2392,20970,58660
2393,18730,60090
2394,19963,60202
2395,21348,60804
2396,19728,61905
2397,19366,62085
2398,18830,61493
2399,19969,62625
2400,18909,52601
2401,17116,51058
2402,16100,53394
2403,16090,53751
2404,20166,55842
2405,15917,52931
2406,15656,55281
2407,18871,51566
2408,19414,54082
2409,16437,52739
2410,16028,55929
2411,15972,53146
2412,16536,53987
2413,17538,51935
2414,18616,53201
2415,14920,50298
2416,16174,53398
2417,19439,53600
2418,17104,54251
2419,19058,51974
2420,20108,52854
2421,18266,56898
2422,17090,51246
2423,13744,52654
2424,16054,55988
2425,16600,53018
2426,17561,51049
2427,17282,55598
2428,16817,51881
2429,18255,53443
2430,17770,54173
2431,14731,51470
2432,16075,54791
2433,15392,53579
2434,17559,55061
2435,17360,55652
2436,14388,53648
2437,15825,51910
2438,17510,52863
2439,17566,57245
2440,18051,55242
2441,16594,53441
2442,16204,53729
2443,17390,56678
2444,14977,52231
2445,16886,55893
2446,14490,52708
2447,16637,55718
2448,15752,52224
2449,15199,53223
2450,19510,54266
2451,16992,51815
2452,16195,54362
2453,17567,50758
2454,15793,51066
2455,16118,53752
2456,15910,55839
2457,17444,52150
2458,16701,54462
2459,18390,54942
2460,16024,52949
2461,17396,57433
2462,17185,53896
2463,16929,52931
2464,16473,50288
2465,19632,53822
2466,18228,55601
2467,17002,51945
2468,20576,52371
2469,17214,54634
2470,18039,52392
2471,16200,53672
2472,17989,52479
2473,16196,56850
2474,20426,55459
2475,16328,52639
2476,16901,53816
2477,14983,53966
2478,16069,52884
2479,16166,54679
2480,16394,51979
2481,14029,53667
2482,16543,54520
2483,14194,54889
2484,17526,54728
2485,14416,54620
2486,15789,54786
2487,16844,54821
2488,17589,54560
2489,18786,52874
2490,14749,53899
2491,17675,52826
2492,15589,56047
2493,16412,53126
2494,18310,54461
2495,15914,53383
2496,13959,53191
2497,18551,54688
2498,17436,53910
2499,16530,51754
2500,17108,54583
2501,18315,55201
2502,16733,54802
2503,15211,52424
2504,17296,54776
2505,17220,53722
2506,16512,55230
2507,17191,56131
2508,17849,53689
2509,14508,53392
2510,17680,54393
2511,16998,52999
2512,17369,56734
2513,16868,53705
2514,16577,53157
2515,15724,54447
2516,19695,53726
2517,14816,55172
2518,16724,55595
2519,15903,55703
2520,14952,51337
2521,15669,56859
2522,18263,55490
2523,17212,54748
2524,16308,53650
2525,17535,53169
2526,16694,54124
2527,16727,55149
2528,19648,54157
2529,16082,51794
2530,16517,54872
2531,17584,53227
2532,18154,55292
2533,13742,53876
2534,16838,55160
2535,15291,54334
2536,17148,54571
2537,18489,51924
2538,17334,54335
2539,17094,53425
2540,19556,52167
2541,15922,53981
2542,14801,53213
2543,15873,55374
2544,16346,54075
2545,15942,56662
2546,16933,53507
2547,17570,54450
2548,16512,50780
2549,14561,54365
2550,11758,49219
2551,8509,49110
2552,10643,50924
2553,12244,49180
2554,8668,50711
2555,11661,52373
2556,10710,50492
2557,9441,50343
2558,10203,50042
2559,10444,51042
2560,11707,50831
2561,10932,49591
2562,10055,48235
2563,10793,49879
2564,11346,49957
2565,12329,48590
2566,7306,50995
2567,11304,50748
2568,10547,48630
2569,8558,49409
2570,9815,50653
2571,10895,49868
2572,10511,49865
2573,10968,50319
2574,8626,51634
2575,12700,50715
2576,11648,50442
2577,11109,51972
2578,9348,50510
2579,8881,51111
2580,12093,50390
2581,9631,49449
2582,11266,47149
2583,9750,52405
2584,11972,49353
2585,9139,52976
2586,11504,49504
2587,9596,47780
2588,10112,52474
2589,10809,50800
2590,11608,49849
2591,12909,50774
2592,11096,51227
2593,10558,50509
2594,11133,48302
2595,8537,48947
2596,12548,51547
2597,9069,49741
2598,7978,51465
2599,10282,52410
2600,12271,50801
2601,10670,49473
2602,10459,50893
2603,11233,50321
2604,9652,49848
2605,9310,50120
2606,7847,47923
2607,10681,48326
2608,10779,50685
2609,9547,51751
2610,12640,49781
2611,8744,49618
2612,11504,49613
2613,11317,51837
2614,10360,51110
2615,10893,49089
2616,8608,48734
2617,8184,47904
2618,10734,50592
2619,6726,50619
2620,9254,50786
2621,8430,51751
2622,8412,50016
2623,7820,49655
2624,9143,49825
2625,11636,49520
2626,8633,50850
2627,8329,52004
2628,12866,49685
2629,10864,47595
2630,11402,49037
2631,10935,49427
2632,10531,50395
2633,8351,49532
2634,11738,49383
2635,11476,47853
2636,9222,51346
2637,10625,50748
2638,9912,51973
2639,10457,49183
2640,13815,48988
2641,10458,50079
2642,9284,50452
2643,12447,51465
2644,9095,50175
2645,11303,50343
2646,12291,48192
2647,9704,50842
2648,10909,50127
2649,8770,51221
2650,9633,50259
2651,10215,49540
2652,10500,51664
2653,7655,49235
2654,12231,48044
2655,12056,49839
2656,12989,48969
2657,8430,50059
2658,10967,51076
2659,9484,49619
2660,10754,48878
2661,11001,48738
2662,10219,49251
2663,9783,49864
2664,9593,51293
2665,7636,50773
2666,9374,48912
2667,7403,51446
2668,8488,49132
2669,6877,51095
2670,10075,48613
2671,11682,49377
2672,7365,50119
2673,10640,51413
2674,10325,50271
2675,9507,52117
2676,13322,49302
2677,11021,50533
2678,10948,53029
2679,10981,49305
2680,10581,50713
2681,9337,51408
2682,8769,52311
2683,10633,50668
2684,11264,52550
2685,9934,51608
2686,10484,52679
2687,9548,49906
2688,9943,49251
2689,9219,49078
2690,9704,54563
2691,11749,48185
2692,9725,49372
2693,11138,48042
2694,9725,51363
2695,10455,50923
2696,6812,50588
2697,10896,49165
2698,10714,49809
2699,9899,49825
2700,3338,55373
2701,5467,53449
2702,4515,54198
2703,4103,54138
2704,4880,52026
2705,5551,54081
2706,4818,54966
2707,5561,54946
2708,5313,53165
2709,6657,54030
2710,2946,53519
2711,5335,52707
2712,6960,49868
2713,4170,52692
2714,3087,54671
2715,3957,54917
2716,3559,52709
2717,1751,53803
2718,6509,52969
2719,6605,54026
2720,5923,55070
2721,3491,55102
2722,3349,52989
2723,6873,51646
2724,2659,53491
2725,3437,53344
2726,4705,54499
2727,4929,51048
2728,2827,53608
2729,5927,52888
2730,4322,52748
2731,4955,52009
2732,4671,53807
2733,4714,57001
2734,4979,54941
2735,7352,50106
2736,3816,53652
2737,2236,53293
2738,5039,52221
2739,2895,53486
2740,4342,52387
2741,3552,57334
2742,2689,54448
2743,4915,55806
2744,2313,53188
2745,4370,53405
2746,2855,54469
2747,5484,54333
2748,2777,56320
2749,7256,53698
2750,5435,52033
2751,4450,56025
2752,2046,55342
2753,6618,53179
2754,5842,52841
2755,5307,54059
2756,6928,53837
2757,6501,54599
2758,5849,53803
2759,4082,52913
2760,4045,55500
2761,3632,53074
2762,4377,55602
2763,4948,56325
2764,7543,53366
2765,5671,52955
2766,5454,53781
2767,2497,53171
2768,5723,53999
2769,3471,54498
2770,4734,55609
2771,6656,55193
2772,4525,54327
2773,3899,53619
2774,4290,52333
2775,5984,54785
2776,5365,53430
2777,5701,54322
2778,5909,53917
2779,5607,53420
2780,6763,54572
2781,4978,54499
2782,4293,55401
2783,6172,53566
2784,4899,54374
2785,4316,54712
2786,5698,52940
2787,4194,52747
2788,4412,53232
2789,5461,55324
2790,5217,55918
2791,4525,54739
2792,3414,54902
2793,4864,52852
2794,6435,52672
2795,3715,53236
2796,4207,55247
2797,4373,53471
2798,4122,53342
2799,4079,52468
2800,6187,54536
2801,5336,54167
2802,6597,53337
2803,2559,53516
2804,4705,54880
2805,2975,54777
2806,3565,52922
2807,5706,53205
2808,5141,51928
2809,17,53801
2810,7617,54283
2811,5712,52647
2812,4197,53856
2813,4687,53543
2814,4831,54582
2815,3988,56542
2816,3841,55068
2817,5204,51722
2818,6164,54498
2819,5562,53837
2820,2642,55241
2821,4048,54140
2822,4482,55505
2823,4025,53331
2824,3567,52072
2825,6202,56365
2826,3910,54867
2827,2580,55663
2828,6146,53878
2829,4740,54190
2830,5481,53730
2831,5884,51941
2832,3993,54771
2833,4184,56655
2834,5039,52327
2835,5325,54592
2836,6565,57240
2837,5982,54491
2838,3280,54325
2839,5083,53207
2840,4593,56428
2841,5016,56337
2842,4222,53879
2843,4716,54264
2844,4667,52631
2845,6681,54199
2846,6631,53784
2847,4364,54081
2848,7497,53513
2849,3571,53101
2850,10139,60124
2851,8580,56978
2852,9277,60551
2853,10040,60059
2854,8531,62942
2855,12231,62033
2856,11907,59062
2857,10162,56940
2858,11332,60501
2859,9481,59972
2860,7915,59830
2861,10245,60721
2862,12795,59389
2863,12134,61178
2864,8481,59528
2865,12399,59721
2866,7865,58669
2867,9872,59262
2868,10813,57597
2869,9781,58820
2870,11954,63340
2871,6577,62194
2872,10963,60408
2873,10824,56861
2874,10804,59547
2875,11335,61153
2876,8460,59979
2877,10541,58366
2878,9325,61499
2879,9852,58306
2880,6623,59654
2881,11949,59100
2882,10810,60398
2883,11982,59504
2884,11058,58087
2885,8613,58180
2886,9987,59588
2887,10495,59902
2888,11444,57864
2889,8427,58780
2890,11968,58691
2891,9015,59230
2892,14490,59659
2893,8338,60319
2894,11831,59081
2895,12465,58616
2896,10254,56364
2897,11175,59264
2898,10081,57737
2899,11585,60290
2900,10567,61071
2901,11377,61415
2902,8542,59770
2903,9242,60721
2904,8353,59821
2905,10409,55838
2906,10603,59956
2907,10216,60154
2908,11096,57117
2909,10677,55312
2910,12474,57795
2911,10812,61715
2912,11080,57594
2913,13095,61223
2914,12412,59050
2915,8809,58271
2916,12778,62049
2917,10449,62189
2918,8681,62818
2919,13671,59637
2920,8149,60049
2921,10093,57968
2922,12202,60952
2923,10837,57202
2924,10700,60580
2925,9656,58216
2926,9326,60606
2927,11496,58947
2928,10599,60752
2929,10975,59231
2930,12278,57902
2931,11545,59063
2932,12886,61092
2933,9819,58554
2934,11279,63706
2935,10728,62127
2936,9858,59272
2937,11481,59797
2938,10315,60301
2939,10866,59140
2940,9427,60973
2941,12008,58420
2942,9820,58508
2943,13050,61662
2944,7736,60919
2945,10720,62473
2946,12942,61313
2947,12029,60342
2948,12909,58933
2949,9916,60240
2950,12191,57368
2951,11740,59652
2952,10271,60510
2953,10218,60133
2954,8147,57929
2955,13615,60184
2956,13190,59501
2957,11815,58248
2958,8577,61455
2959,12671,61339
2960,8378,60945
2961,9841,59925
2962,11304,58688
2963,12285,61395
2964,10338,60470
2965,9530,61240
2966,10941,57507
2967,9620,62215
2968,9706,59947
2969,8247,60295
2970,10546,60683
2971,10319,62431
2972,9412,59366
2973,8857,60404
2974,11005,59848
2975,12812,61175
2976,9107,58547
2977,9717,60903
2978,10623,61373
2979,10473,60989
2980,8189,57252
2981,7561,61021
2982,11639,60658
2983,13437,62373
2984,8957,59639
2985,10084,61366
2986,10415,61631
2987,11583,60356
2988,9882,60566
2989,11638,60356
2990,8932,62598
2991,9182,62144
2992,8948,58608
2993,10338,58184
2994,9538,59116
2995,8656,60454
2996,11036,59053
2997,8730,58342
2998,8780,58483
2999,9888,60609
3000,42763,55722
3001,41745,55036
3002,41434,56533
3003,45509,54192
3004,43605,54433
3005,41430,54372
3006,43808,56317
3007,43051,54413
3008,46893,54869
3009,41590,54991
3010,43097,55525
3011,43588,53879
3012,44528,55913
3013,42669,54424
3014,45186,55167
3015,42844,52521
3016,41186,55401
3017,40674,52839
3018,43073,54867
3019,43931,53583
3020,41558,54649
3021,41560,56240
3022,43818,54730
3023,45242,56640
3024,43226,55759
3025,44538,54319
3026,43280,54454
3027,43969,56174
3028,42512,54055
3029,43290,55799
3030,41951,55065
3031,43821,54110
3032,43450,54663
3033,45458,54605
3034,43952,55424
3035,43954,55865
3036,42257,53491
3037,42030,55457
3038,42067,56294
3039,42007,55049
3040,45090,57235
3041,42504,56440
3042,43739,54783
3043,43850,52909
3044,43737,56928
3045,42794,54549
3046,43371,55785
3047,43518,55141
3048,44904,56368
3049,40369,55514
3050,45665,52311
3051,40552,54754
3052,44252,55655
3053,42577,55992
3054,45073,55291
3055,43964,53370
3056,41562,55042
3057,43925,55240
3058,43690,55642
3059,42303,56594
3060,42226,51863
3061,44123,54027
3062,44315,54133
3063,42066,56748
3064,43396,55572
3065,41960,56404
3066,42805,56345
3067,44162,54951
3068,46137,56392
3069,42298,54687
3070,43438,54681
3071,46076,56226
3072,41660,54312
3073,42939,54538
3074,42177,55116
3075,43734,56703
3076,45665,53642
3077,44114,56514
3078,42200,56200
3079,41539,54557
3080,41348,52206
3081,43392,54968
3082,42196,52532
3083,46337,57566
3084,39975,56097
3085,41505,57046
3086,40720,56335
3087,42144,56095
3088,42287,55605
3089,43050,53709
3090,41587,57430
3091,43049,54257
3092,46316,56515
3093,42618,55808
3094,43338,56219
3095,43972,56345
3096,45375,56319
3097,45540,54967
3098,41532,55339
3099,40587,54291
3100,43480,54527
3101,41328,54662
3102,44834,56210
3103,43772,54935
3104,44852,53225
3105,43701,56882
3106,42741,57727
3107,43803,53692
3108,41794,53379
3109,42842,54189
3110,45049,54051
3111,44577,53785
3112,43784,52818
3113,43237,54823
3114,43095,55997
3115,44120,55931
3116,43118,54544
3117,44971,53046
3118,42756,54099
3119,43191,54856
3120,44721,57831
3121,42907,53491
3122,42608,53636
3123,42497,55648
3124,45022,54903
3125,43588,53626
3126,44552,55510
3127,43148,53760
3128,41965,56183
3129,41983,53565
3130,41742,54194
3131,44306,54281
3132,43931,55530
3133,44445,54947
3134,42546,55250
3135,41207,54110
3136,44292,56530
3137,41982,56502
3138,43888,55495
3139,43245,53795
3140,44091,54288
3141,44955,53409
3142,43586,52147
3143,45270,52179
3144,44007,56241
3145,43296,53627
3146,44138,54632
3147,43972,56207
3148,43394,55343
3149,44538,52532
3150,47600,59005
3151,47503,59980
3152,47963,59842
3153,47199,59060
3154,47200,59031
3155,47367,60872
3156,46480,61329
3157,47486,59732
3158,47776,60314
3159,45952,59268
3160,49808,58728
3161,45576,57409
3162,45682,57127
3163,46415,58450
3164,48434,59614
3165,47967,59323
3166,47389,58806
3167,46377,57225
3168,47740,60151
3169,49007,60804
3170,46323,60485
3171,43603,60576
3172,47980,60330
3173,44924,58440
3174,47602,58751
3175,46116,57531
3176,46677,57968
3177,48147,58486
3178,46224,58268
3179,46816,59424
3180,46930,62762
3181,45934,61462
3182,46588,58873
3183,46887,58903
3184,48268,58780
3185,45014,57009
3186,47816,59654
3187,44602,58814
3188,46698,59409
3189,46463,59710
3190,47870,57743
3191,48548,57337
3192,44610,61047
3193,45509,57926
3194,48267,59212
3195,46782,59290
3196,48378,60485
3197,46232,58425
3198,45366,60734
3199,46923,60229
3200,47844,57963
3201,47468,58916
3202,46188,61604
3203,47670,60737
3204,45098,58056
3205,47131,57719
3206,46205,59883
3207,47080,59681
3208,46949,57454
3209,47324,58063
3210,48067,58637
3211,47296,56836
3212,47044,58699
3213,47703,58903
3214,48393,58921
3215,47211,60068
3216,47879,58868
3217,50084,60284
3218,46357,57151
3219,45764,58065
3220,51139,59585
3221,47557,60277
3222,47808,58754
3223,47613,60401
3224,46165,58694
3225,48042,60907
3226,48454,58189
3227,47375,60822
3228,46681,59373
3229,50896,58701
3230,46035,59237
3231,47194,57610
3232,46728,59448
3233,50043,59048
3234,49611,57641
3235,47518,59285
3236,48266,58415
3237,47866,61415
3238,46046,58977
3239,48368,57886
3240,48242,59279
3241,47947,57572
3242,46228,58634
3243,46641,58497
3244,46928,61322
3245,44650,60694
3246,47474,60349
3247,46650,60203
3248,48738,59314
3249,48484,58286
3250,48278,59764
3251,45942,62277
3252,46112,59260
3253,48262,57550
3254,48789,58150
3255,46611,59528
3256,45960,59176
3257,47407,59374
3258,46861,63137
3259,45700,58817
3260,44615,57635
3261,47109,58064
3262,47323,59670
3263,48733,59581
3264,47212,61159
3265,45345,59997
3266,46070,57360
3267,46353,59003
3268,48271,58900
3269,44663,57802
3270,47806,59657
3271,47058,58373
3272,46933,59269
3273,48613,56424
3274,47571,55890
3275,47570,57320
3276,46845,61271
3277,46708,59648
3278,46518,59404
3279,46238,58925
3280,47693,59141
3281,48098,57107
3282,46352,59510
3283,51041,59578
3284,46818,59467
3285,46731,58185
3286,48368,59001
3287,46966,56405
3288,46175,58661
3289,45889,61544
3290,45782,57022
3291,48184,59753
3292,47975,61610
3293,45284,59691
3294,45657,57651
3295,48382,60296
3296,47369,59613
3297,45278,59639
3298,48789,60495
3299,47195,59087
3300,16310,42838
3301,14529,44667
3302,15639,42673
3303,11073,43577
3304,15360,41918
3305,14401,44849
3306,16163,45074
3307,14973,44050
3308,16007,41508
3309,14543,43762
3310,12094,42449
3311,14766,44432
3312,13004,45304
3313,14189,42315
3314,15175,43650
3315,13782,39434
3316,12059,41470
3317,12879,45693
3318,14973,45213
3319,15241,45564
3320,13915,43278
3321,13038,43418
3322,14688,44005
3323,12675,42095
3324,11741,45272
3325,14067,44806
3326,14302,43181
3327,13145,42257
3328,13343,42577
3329,13702,43245
3330,12288,42992
3331,15291,46302
3332,15612,45247
3333,11222,43005
3334,14932,43758
3335,12921,43343
3336,12244,41823
3337,14719,44066
3338,13725,44902
3339,15772,42391
3340,13795,42806
3341,14738,42718
3342,11715,41855
3343,13292,45173
3344,16843,41532
3345,17354,43900
3346,13118,44260
3347,13170,41517
3348,13962,41988
3349,14895,41365
3350,12669,43767
3351,15424,39497
3352,13938,43472
3353,11977,43295
3354,13331,41632
3355,15004,42307
3356,14950,43226
3357,15617,44932
3358,14015,43167
3359,13283,43735
3360,13832,44314
3361,12018,44436
3362,14611,43550
3363,14824,42393
3364,12657,42917
3365,15101,43498
3366,14247,42987
3367,11540,42854
3368,12209,44229
3369,14853,43182
3370,10527,42775
3371,14839,42349
3372,13645,43424
3373,15836,45980
3374,13340,43920
3375,16772,41789
3376,12601,43739
3377,14238,44307
3378,13509,42666
3379,14816,42924
3380,15190,43388
3381,14932,44282
3382,14821,42289
3383,12976,42893
3384,17399,45218
3385,14606,45093
3386,13376,44224
3387,13033,46582
3388,13673,42787
3389,14350,42175
3390,14133,40193
3391,13989,42197
3392,13672,43291
3393,12838,44094
3394,13437,43921
3395,16969,42472
3396,12812,42961
3397,12209,42018
3398,16231,41723
3399,14920,42663
3400,12914,44367
3401,12302,44075
3402,12807,43995
3403,14330,44486
3404,11277,43750
3405,13627,42127
3406,11720,43669
3407,12250,43253
3408,13778,43055
3409,14532,45517
3410,11505,42400
3411,14732,41301
3412,14242,46062
3413,14312,43885
3414,11342,44595
3415,14896,42618
3416,15861,42881
3417,14941,44280
3418,15865,42124
3419,13298,42991
3420,12511,44211
3421,15108,42189
3422,13058,43476
3423,13309,42292
3424,13911,43400
3425,14036,44957
3426,11008,43793
3427,13745,44363
3428,13766,43381
3429,11975,44335
3430,12707,44732
3431,15826,42516
3432,14242,47449
3433,13990,42565
3434,14823,42317
3435,13562,41690
3436,14782,44208
3437,15069,44471
3438,12556,43853
3439,12893,43813
3440,13707,42127
3441,14655,43612
3442,14991,42009
3443,13431,43471
3444,12924,43633
3445,11343,41951
3446,13674,42904
3447,17293,42226
3448,11039,38831
3449,12492,41072
3450,16236,41968
3451,13824,37378
3452,17516,39586
3453,16923,36809
3454,14593,40118
3455,14683,36805
3456,17578,37686
3457,18855,38176
3458,15721,38939
3459,16293,36422
3460,15663,39807
3461,13864,41156
3462,14891,39609
3463,14193,37146
3464,15903,39953
3465,17830,37298
3466,17794,37799
3467,15970,35907
3468,17010,38367
3469,15778,37432
3470,16515,35083
3471,16414,36076
3472,14535,38111
3473,18387,37949
3474,19215,36537
3475,14089,36807
3476,15643,37071
3477,16539,36513
3478,17000,36353
3479,17057,37353
3480,16056,37834
3481,16086,38113
3482,16962,38535
3483,14022,38099
3484,16676,38732
3485,16495,36750
3486,14777,36426
3487,15634,37284
3488,14782,38036
3489,15693,39198
3490,17384,37851
3491,14906,38483
3492,16090,36549
3493,13682,38082
3494,13373,37561
3495,14929,36910
3496,13455,39284
3497,14958,38871
3498,15922,35696
3499,17164,38939
3500,16708,37864
3501,17502,36648
3502,15530,39657
3503,11914,37710
3504,15481,38312
3505,14645,40465
3506,16151,37404
3507,16747,38035
3508,15630,38976
3509,15141,37401
3510,17104,36620
3511,13473,39006
3512,18529,36608
3513,16734,39448
3514,15306,36124
3515,16048,39141
3516,17877,35739
3517,16193,36259
3518,15343,37844
3519,15763,38213
3520,13698,35566
3521,19528,39964
3522,14571,36397
3523,14823,37508
3524,15605,38513
3525,16362,36537
3526,15322,38153
3527,12555,38423
3528,14611,40424
3529,17053,38196
3530,16333,37721
3531,17174,38765
3532,15122,37037
3533,13837,35211
3534,15558,37593
3535,14938,35990
3536,17201,39074
3537,16367,37711
3538,16897,38659
3539,15494,37841
3540,16690,36665
3541,15223,37418
3542,15724,38079
3543,14074,37080
3544,15159,39396
3545,15122,37831
3546,16284,38255
3547,16008,38009
3548,16946,38537
3549,16208,36390
3550,15180,37909
3551,16087,39270
3552,16200,37577
3553,17428,37000
3554,17702,39962
3555,15264,35408
3556,14522,38615
3557,14940,40546
3558,16854,38380
3559,14592,40547
3560,14648,37330
3561,16115,38102
3562,14056,36197
3563,15945,37984
3564,14273,38241
3565,14968,38271
3566,14094,37526
3567,16079,38877
3568,16432,37688
3569,11298,38998
3570,15347,37166
3571,18713,37357
3572,12765,37819
3573,15543,37602
3574,14784,39342
3575,16996,38712
3576,17769,34464
3577,14948,39853
3578,18403,37768
3579,10693,40141
3580,18281,39185
3581,18128,40443
3582,17065,36790
3583,16074,37683
3584,15184,34812
3585,14791,38647
3586,19135,37713
3587,15071,35562
3588,14238,39602
3589,15356,37012
3590,14941,37337
3591,15401,40216
3592,18826,36811
3593,18195,36385
3594,13931,37862
3595,17319,37461
3596,15404,38869
3597,15739,38708
3598,15481,36730
3599,18564,36963
3600,9436,40722
3601,8542,37701
3602,7430,40079
3603,9579,39047
3604,9096,37851
3605,9463,37739
3606,8224,40782
3607,9667,37516
3608,11622,37865
3609,9529,37315
3610,7967,39056
3611,10436,38756
3612,8260,38043
3613,8808,39574
3614,14290,40911
3615,9675,38028
3616,9319,38400
3617,9076,38066
3618,8151,37838
3619,9709,39892
3620,9515,35854
3621,11591,36925
3622,8711,37483
3623,8024,36144
3624,10692,39078
3625,7915,36954
3626,9078,38726
3627,9195,38071
3628,11032,38088
3629,9906,39406
3630,9458,36547
3631,9184,38352
3632,6412,37952
3633,9610,39689
3634,11934,38933
3635,8508,36723
3636,10052,38563
3637,9327,37565
3638,7121,39344
3639,9770,40715
3640,8056,37976
3641,9431,38817
3642,10034,40439
3643,9154,38168
3644,10896,39037
3645,9614,35128
3646,9345,38311
3647,9816,36855
3648,9969,38510
3649,9796,36843
3650,12878,36872
3651,13513,38312
3652,11666,36169
3653,9569,37527
3654,13164,37091
3655,8339,39284
3656,14024,40384
3657,11278,40936
3658,9928,38347
3659,8701,37878
3660,11235,38829
3661,8419,39381
3662,10523,38109
3663,9598,38447
3664,9675,38100
3665,9615,38722
3666,7549,39530
3667,8358,37335
3668,11844,38738
3669,9151,38825
3670,10430,37727
3671,10513,37095
3672,7506,37673
3673,9795,36922
3674,8512,37861
3675,10012,37549
3676,8290,40018
3677,9835,40769
3678,10092,38952
3679,6605,38175
3680,9844,38755
3681,11441,37960
3682,11627,37781
3683,9467,34849
3684,9219,37350
3685,7804,38781
3686,8418,37342
3687,9970,40178
3688,9074,39973
3689,10651,40512
3690,10175,37026
3691,9145,39314
3692,8986,40435
3693,7646,39206
3694,11257,39453
3695,9543,37242
3696,10024,38894
3697,8227,39139
3698,10549,36779
3699,12545,38674
3700,10116,39406
3701,9403,37517
3702,9525,36439
3703,11196,37023
3704,9827,37829
3705,9522,38390
3706,11616,38833
3707,10805,37657
3708,10224,34459
3709,8725,37764
3710,7031,37680
3711,9676,41916
3712,9934,39710
3713,9686,39476
3714,9501,41285
3715,9063,39410
3716,9163,38171
3717,10952,38583
3718,8894,38929
3719,10238,39541
3720,13433,38254
3721,8954,39949
3722,11172,37441
3723,9213,35959
3724,9379,37976
3725,9468,39603
3726,9049,37487
3727,10357,34891
3728,9576,36772
3729,10941,39478
3730,10958,37100
3731,9275,39909
3732,11583,40675
3733,11476,37849
3734,9537,36878
3735,9485,36958
3736,7124,36867
3737,8965,37856
3738,9340,38358
3739,8361,38769
3740,10724,37525
3741,11357,37572
3742,11120,38765
3743,8944,37919
3744,10829,35138
3745,9125,40694
3746,10439,39606
3747,7821,38805
3748,9035,35859
3749,9350,38414
3750,3946,41094
3751,7437,41383
3752,3878,43413
3753,2514,41253
3754,6180,43890
3755,3182,40846
3756,949,44830
3757,6707,45098
3758,4134,42080
3759,5242,43347
3760,3119,39544
3761,7744,44473
3762,4431,44640
3763,2359,43442
3764,3506,39777
3765,8515,41905
3766,7002,41881
3767,5896,41093
3768,2835,43101
3769,7287,43328
3770,3471,45480
3771,3022,40247
3772,5126,43420
3773,4495,44091
3774,4248,43141
3775,6900,42068
3776,7206,43692
3777,5612,42097
3778,6143,40854
3779,3940,41188
3780,4239,43805
3781,4762,43144
3782,4003,42348
3783,5196,40134
3784,6124,42753
3785,7111,44657
3786,6136,44329
3787,7987,40216
3788,5849,43773
3789,5443,44511
3790,4617,40357
3791,5627,40629
3792,7785,43008
3793,5604,44310
3794,6958,42584
3795,5696,42913
3796,4664,43028
3797,5217,41805
3798,6256,41629
3799,5556,42645
3800,5972,41651
3801,4799,41632
3802,4568,43681
3803,7892,41377
3804,7826,43358
3805,5608,42777
3806,8651,41863
3807,4544,42128
3808,6216,41069
3809,8891,42189
3810,4524,44211
3811,4405,42650
3812,4777,41008
3813,3948,41917
3814,4222,42123
3815,7390,41422
3816,4505,42257
3817,3610,43589
3818,3718,43827
3819,3900,42414
3820,6176,43619
3821,6226,40019
3822,6081,42225
3823,4279,40599
3824,7229,41713
3825,6925,40172
3826,4553,39229
3827,3647,42965
3828,1533,41682
3829,2836,41512
3830,5555,41428
3831,5606,45229
3832,5954,41585
3833,4332,43772
3834,6531,43081
3835,2865,41704
3836,6250,43099
3837,5416,40089
3838,6506,41645
3839,7762,43414
3840,4470,43441
3841,3376,42779
3842,4407,41845
3843,4914,44536
3844,6052,42522
3845,3633,42132
3846,3420,40792
3847,6467,42420
3848,6405,42160
3849,4372,44685
3850,6181,43016
3851,4325,41754
3852,5944,41737
3853,4713,40041
3854,7231,42724
3855,6313,41902
3856,5078,43688
3857,3642,40640
3858,4268,42135
3859,4068,44238
3860,3738,41931
3861,4788,40317
3862,3829,40341
3863,4828,41150
3864,4547,45073
3865,6754,42157
3866,4298,38715
3867,8422,43250
3868,4621,41587
3869,6733,42887
3870,5971,44428
3871,6984,43913
3872,4320,42737
3873,3992,43765
3874,6156,43763
3875,5741,44195
3876,4992,42545
3877,6387,41682
3878,5928,44182
3879,2375,43954
3880,4424,39869
3881,2450,41946
3882,6102,42970
3883,6682,42648
3884,4766,42419
3885,6977,44904
3886,3367,42732
3887,4745,41097
3888,3834,41454
3889,3829,42607
3890,5665,41070
3891,6784,42458
3892,1296,41453
3893,5316,41856
3894,2814,42818
3895,917,42088
3896,5530,43471
3897,6848,42000
3898,5675,43237
3899,6450,42774
3900,41807,34031
3901,43587,34865
3902,43297,36500
3903,44750,34610
3904,41273,37270
3905,43695,33770
3906,42536,34707
3907,49043,34993
3908,42790,36459
3909,42807,34870
3910,45335,36912
3911,42768,34791
3912,42822,36259
3913,43485,34050
3914,42050,30416
3915,43996,34242
3916,40627,35049
3917,42574,34477
3918,47138,36746
3919,46186,35016
3920,45049,33934
3921,44831,33120
3922,44896,37290
3923,47101,33612
3924,44229,32829
3925,45517,33956
3926,42500,37188
3927,46025,33590
3928,43855,34053
3929,45912,35230
3930,43743,32689
3931,41712,37204
3932,46155,36845
3933,42887,35693
3934,46790,34893
3935,45166,35658
3936,42962,36565
3937,40211,36581
3938,42678,35504
3939,43088,32741
3940,43275,36183
3941,42998,32813
3942,42283,35546
3943,45277,35127
3944,44711,34257
3945,45251,36120
3946,42894,32927
3947,43617,33370
3948,42827,35362
3949,43163,31802
3950,45123,33068
3951,41775,34315
3952,42675,36033
3953,42654,36194
3954,43066,34949
3955,43951,32170
3956,43307,34574
3957,43066,35693
3958,47300,34717
3959,42175,32217
3960,46104,33045
3961,45838,33520
3962,46156,35944
3963,44197,37340
3964,44687,34822
3965,42950,34902
3966,43897,34562
3967,40243,36274
3968,44946,34718
3969,44979,37599
3970,42860,32230
3971,43155,34988
3972,43354,36491
3973,42920,34208
3974,44666,37014
3975,43954,34953
3976,41962,33523
3977,43357,34149
3978,42486,35654
3979,41916,34429
3980,43445,34877
3981,44512,34140
3982,43972,38240
3983,41321,33982
3984,42341,34702
3985,43595,35490
3986,45362,30926
3987,44554,36035
3988,41496,34384
3989,43718,35031
3990,42266,34561
3991,43146,37431
3992,43328,32882
3993,42729,32551
3994,43965,33758
3995,42847,34244
3996,42968,34995
3997,41888,34501
3998,43648,35505
3999,42037,35794
4000,45463,34483
4001,44280,33867
4002,43393,34827
4003,42378,35745
4004,41273,35067
4005,43796,32311
4006,45364,33095
4007,40993,35533
4008,43294,37614
4009,42785,33228
4010,43838,32039
4011,45483,36519
4012,43260,34943
4013,41312,35601
4014,44959,35167
4015,44263,33651
4016,43367,35070
4017,44552,34771
4018,42911,31116
4019,44984,37272
4020,43811,33789
4021,46134,35217
4022,43261,38108
4023,42011,35696
4024,43737,32817
4025,45384,36530
4026,42862,34504
4027,43216,34939
4028,42237,34262
4029,42249,35113
4030,42602,35679
4031,44769,34535
4032,41384,37669
4033,45010,33501
4034,44089,34530
4035,43518,34479
4036,45407,34472
4037,42705,33706
4038,42377,34121
4039,46879,36101
4040,41922,36116
4041,43878,31474
4042,41955,35508
4043,42406,35998
4044,44401,33646
4045,42558,33844
4046,45411,33445
4047,45644,35586
4048,42617,35670
4049,44482,33700
4050,39026,28218
4051,42351,28785
4052,41121,27141
4053,40158,31551
4054,41132,28470
4055,39165,29928
4056,40740,30873
4057,40824,28745
4058,41299,29883
4059,42064,28354
4060,41815,29195
4061,40975,29310
4062,38988,31715
4063,39872,30176
4064,40521,28895
4065,40944,28504
4066,38742,30624
4067,40475,29556
4068,42689,29772
4069,40452,29651
4070,38305,29495
4071,40332,27572
4072,41305,28067
4073,40251,30719
4074,42366,27329
4075,40528,29122
4076,41489,28005
4077,39272,29370
4078,40374,31882
4079,40120,29081
4080,42139,29828
4081,40203,29563
4082,39196,30593
4083,39422,28165
4084,42499,26129
4085,38828,29275
4086,42135,30443
4087,39694,27962
4088,38856,30385
4089,42542,27930
4090,38870,26778
4091,40892,27037
4092,42847,28275
4093,39559,27977
4094,42411,27392
4095,39923,29245
4096,40404,28516
4097,38514,26629
4098,40321,29683
4099,38945,27611
4100,44021,29339
4101,41872,31011
4102,38784,29229
4103,40166,27908
4104,39915,28140
4105,39680,29318
4106,39283,30142
4107,40520,28503
4108,39943,28143
4109,38112,29441
4110,39857,27581
4111,40626,29529
4112,38791,28417
4113,40798,29933
4114,39151,28432
4115,40465,28958
4116,42599,31306
4117,41897,31339
4118,42678,29186
4119,39289,31060
4120,42077,29406
4121,41278,31388
4122,37144,28753
4123,39993,27448
4124,38471,29587
4125,41300,27961
4126,39043,30611
4127,40227,29415
4128,42377,28058
4129,40346,29787
4130,41761,28334
4131,42120,28063
4132,43266,29454
4133,39757,27810
4134,41845,30117
4135,38110,28558
4136,38429,28637
4137,42109,30277
4138,39614,30784
4139,39485,28817
4140,39257,30660
4141,39547,30974
4142,42526,28024
4143,40530,31441
4144,41412,31944
4145,39481,28076
4146,37741,27869
4147,42568,29385
4148,40926,29084
4149,42189,30084
4150,42051,26764
4151,40813,29403
4152,40824,31005
4153,42173,29521
4154,38897,27159
4155,39269,28560
4156,41337,27737
4157,40116,28881
4158,41456,27472
4159,39826,29203
4160,39992,26930
4161,40454,29154
4162,41406,26904
4163,38144,29644
4164,40766,29317
4165,42284,30965
4166,39048,27751
4167,40219,25879
4168,42253,29076
4169,41585,31090
4170,41356,30508
4171,39367,27286
4172,39848,27121
4173,42462,30296
4174,39726,28882
4175,37417,28491
4176,41169,29731
4177,40371,30415
4178,37852,29403
4179,41423,32243
4180,40430,29016
4181,40493,28761
4182,40361,28667
4183,38412,28839
4184,38685,30586
4185,36144,28076
4186,40802,28766
4187,40887,27766
4188,40042,26506
4189,37794,29108
4190,40277,29414
4191,40181,28070
4192,40017,29413
4193,38539,29450
4194,40240,30489
4195,41644,29288
4196,38390,31676
4197,41981,29893
4198,43211,28466
4199,38504,28876
4200,45264,28294
4201,48623,28078
4202,47184,27498
4203,43943,25527
4204,45419,26967
4205,48060,26375
4206,43957,26138
4207,44764,25148
4208,45306,25965
4209,46355,25594
4210,44994,26248
4211,44868,26534
4212,45681,27122
4213,44253,26700
4214,45376,27100
4215,42255,25401
4216,44566,25920
4217,45344,25014
4218,43934,23213
4219,43883,25355
4220,45217,27688
4221,43308,28128
4222,44087,25269
4223,46064,26564
4224,45021,25939
4225,44388,24099
4226,44489,27410
4227,41959,24429
4228,44159,24578
4229,43602,26327
4230,47650,27533
4231,46122,24404
4232,45719,27022
4233,44590,24900
4234,47650,28041
4235,46886,25929
4236,46191,26595
4237,44293,27840
4238,43734,25645
4239,46298,23562
4240,45459,28434
4241,45320,22182
4242,46626,24323
4243,46072,25658
4244,41926,26892
4245,45331,23575
4246,46465,25650
4247,45579,27801
4248,45499,26362
4249,45793,25811
4250,45038,26345
4251,46160,24789
4252,43463,22896
4253,44143,26464
4254,46167,25535
4255,46628,27624
4256,44195,24662
4257,44204,24065
4258,45251,26495
4259,46158,27671
4260,45934,27164
4261,47513,26828
4262,47633,25255
4263,44837,25617
4264,43066,23623
4265,46599,26363
4266,44090,24909
4267,46837,27514
4268,45964,25489
4269,46386,26185
4270,43657,27465
4271,44639,26689
4272,47501,26286
4273,45032,27730
4274,47482,26416
4275,45201,26615
4276,44095,25500
4277,43793,27690
4278,47571,24093
4279,45525,24692
4280,42723,24884
4281,45235,25404
4282,45570,27569
4283,45934,30854
4284,44390,23933
4285,44612,24926
4286,45942,24596
4287,45737,26293
4288,43654,23418
4289,44395,27634
4290,47254,25794
4291,46138,25885
4292,45532,24034
4293,43300,24964
4294,44191,24892
4295,45926,25656
4296,45074,25167
4297,42648,25557
4298,47001,24756
4299,45104,26569
4300,44637,26150
4301,44976,25731
4302,43729,24860
4303,45229,26212
4304,45274,27825
4305,48490,25802
4306,46317,28535
4307,46030,27502
4308,46827,26857
4309,44601,26019
4310,45703,26361
4311,46279,26010
4312,46081,26909
4313,47329,25834
4314,44882,28477
4315,44489,24514
4316,45595,26388
4317,41017,25373
4318,45660,25309
4319,45470,25176
4320,44378,25296
4321,45646,25610
4322,47157,25467
4323,46784,26903
4324,46418,27390
4325,47546,28075
4326,44758,28732
4327,44097,25190
4328,47480,26372
4329,45203,24338
4330,44873,27435
4331,46298,23936
4332,40641,23826
4333,46460,25450
4334,47208,28797
4335,45068,24079
4336,47399,27333
4337,44148,27820
4338,45609,26085
4339,43839,27231
4340,44946,27149
4341,46041,30303
4342,46121,26077
4343,47024,26106
4344,46657,26719
4345,43210,26766
4346,44280,26293
4347,44533,25389
4348,45831,25783
4349,43438,27415
4350,51787,23671
4351,49995,22514
4352,48772,22411
4353,53630,24399
4354,51113,21793
4355,52496,22133
4356,50015,24776
4357,51514,25363
4358,51096,24115
4359,52479,26794
4360,53197,23094
4361,49457,24495
4362,52197,25987
4363,50101,25026
4364,51877,23966
4365,50025,21549
4366,52292,25365
4367,49718,23168
4368,52947,26083
4369,52321,24465
4370,50519,22631
4371,50682,22118
4372,50171,22054
4373,51019,22244
4374,50560,24122
4375,51852,24152
4376,49919,23070
4377,50616,24101
4378,50684,24842
4379,47160,23698
4380,53212,23495
4381,52510,20390
4382,49778,23124
4383,52019,23952
4384,49389,24842
4385,49949,21916
4386,50014,23098
4387,50211,23478
4388,50918,23104
4389,53367,24210
4390,49391,22360
4391,51581,23287
4392,50477,23695
4393,50960,23018
4394,50780,24580
4395,50999,23899
4396,51414,23118
4397,48643,23965
4398,52579,24417
4399,51658,25451
4400,50888,23063
4401,50046,21588
4402,51888,22731
4403,52104,23750
4404,50677,23682
4405,52694,23299
4406,51663,20962
4407,49764,23889
4408,52678,23746
4409,51075,21644
4410,49301,23457
4411,50848,23971
4412,51331,24943
4413,49522,20784
4414,49664,22114
4415,50222,24449
4416,50221,23718
4417,49740,22969
4418,48716,20467
4419,52318,24224
4420,47381,23970
4421,49053,22676
4422,50800,21631
4423,51346,23836
4424,50218,21004
4425,52589,24945
4426,49633,24689
4427,51165,25550
4428,49675,24156
4429,50026,21400
4430,51810,23101
4431,51919,22546
4432,52175,23201
4433,51164,22294
4434,49362,21865
4435,50870,25344
4436,52308,24602
4437,49928,22564
4438,52632,25080
4439,51456,22445
4440,51916,22386
4441,51971,24444
4442,48583,21031
4443,51922,21107
4444,48524,23884
4445,49814,22763
4446,50506,23820
4447,52146,25273
4448,50725,21930
4449,51279,23923
4450,52550,23317
4451,52380,26082
4452,50448,22046
4453,50041,22282
4454,49919,24890
4455,50603,23602
4456,51506,23188
4457,50403,22078
4458,50424,25293
4459,51388,24532
4460,49860,22221
4461,49242,21489
4462,49854,23391
4463,52002,23259
4464,51939,22120
4465,51345,25440
4466,49944,24275
4467,52431,21894
4468,54159,24796
4469,50948,23508
4470,48309,23276
4471,50403,24050
4472,48881,24228
4473,53950,22439
4474,50569,22827
4475,53855,24107
4476,50799,22242
4477,49354,22107
4478,51898,24229
4479,50872,26978
4480,50677,23304
4481,52107,21150
4482,51245,20654
4483,51292,22995
4484,48978,24664
4485,52570,23284
4486,50726,25740
4487,52041,22283
4488,50918,23858
4489,51796,24982
4490,52464,24331
4491,51470,22451
4492,49219,24702
4493,50287,21383
4494,51445,24321
4495,49864,21681
4496,50578,23572
4497,50691,23291
4498,51907,20743
4499,48578,22616
4500,59877,29271
4501,60534,29342
4502,57886,27256
4503,62111,29684
4504,62728,24002
4505,61075,27191
4506,60608,27844
4507,61565,26571
4508,61687,29995
4509,59021,29605
4510,60888,28676
4511,58713,28127
4512,60556,26861
4513,61794,29203
4514,58678,28250
4515,58646,27186
4516,58462,28535
4517,59878,26706
4518,58614,28773
4519,61099,29083
4520,60160,29029
4521,60182,27285
4522,61712,27968
4523,60523,27329
4524,62157,29329
4525,59697,27485
4526,61553,26657
4527,59155,27035
4528,59949,26516
4529,61436,30223
4530,60156,25507
4531,58304,25665
4532,62019,27673
4533,62431,27902
4534,60226,25204
4535,60502,25482
4536,60779,27398
4537,61484,26946
4538,60373,28807
4539,60069,28119
4540,58394,30435
4541,61695,27685
4542,58176,26916
4543,59876,27838
4544,60167,27920
4545,60221,27253
4546,60260,29732
4547,60650,28202
4548,60210,27232
4549,59684,25949
4550,59677,25725
4551,62692,29282
4552,60654,28987
4553,60524,26488
4554,59615,26767
4555,60288,26488
4556,60073,25250
4557,61444,25396
4558,61509,23903
4559,60989,28086
4560,60159,29394
4561,59172,28367
4562,59748,29320
4563,62217,28104
4564,59427,28300
4565,62151,28398
4566,62188,26031
4567,62833,25956
4568,59809,27410
4569,60397,28213
4570,58534,26184
4571,59301,26122
4572,56808,26583
4573,62215,29064
4574,60988,26605
4575,60641,26727
4576,61486,29504
4577,59677,27883
4578,58700,27188
4579,58691,24064
4580,61632,24699
4581,59589,25812
4582,59674,24878
4583,59622,29371
4584,61671,29284
4585,58029,28824
4586,60114,27116
4587,61035,29372
4588,61564,25344
4589,62080,27847
4590,58448,28721
4591,58949,27611
4592,60601,27545
4593,58351,26436
4594,59480,28335
4595,60748,25040
4596,59391,27516
4597,60778,26913
4598,59701,25977
4599,57554,26401
4600,59182,27675
4601,58462,27771
4602,57737,28296
4603,59791,26185
4604,62531,25554
4605,59190,27293
4606,61698,26297
4607,60820,27777
4608,59834,28141
4609,59569,28899
4610,60056,28356
4611,60455,26330
4612,60205,28420
4613,61001,29349
4614,60164,25893
4615,61306,29016
4616,58260,28670
4617,60065,27081
4618,62591,26993
4619,60794,27054
4620,61901,27525
4621,58319,26289
4622,58063,28774
4623,58273,29493
4624,57624,29524
4625,58994,25222
4626,61370,27526
4627,59958,28116
4628,59325,27351
4629,62761,29305
4630,60059,28732
4631,60220,27221
4632,58990,27909
4633,58964,28414
4634,61778,28715
4635,65535,27368
4636,59101,28561
4637,61007,30785
4638,61995,27990
4639,59294,27869
4640,60738,28559
4641,59146,28118
4642,61376,28001
4643,63214,28408
4644,60284,23186
4645,61396,27293
4646,58190,26242
4647,61326,29668
4648,57376,26748
4649,57627,27881
4650,8960,29349
4651,9566,30666
4652,10002,29085
4653,9051,28004
4654,8262,29745
4655,9612,30786
4656,8479,29223
4657,9685,31428
4658,10844,29711
4659,10599,28555
4660,9774,29756
4661,8628,26811
4662,10022,30615
4663,9438,29445
4664,12814,27360
4665,9850,30329
4666,10836,28222
4667,10426,29327
4668,10304,29461
4669,8230,28746
4670,9721,30334
4671,10873,28150
4672,10377,30144
4673,10892,28209
4674,8524,30378
4675,9101,28654
4676,10128,29483
4677,9649,28593
4678,9366,29374
4679,11057,29736
4680,6460,30262
4681,10367,26772
4682,10457,30519
4683,9051,27155
4684,9577,28211
4685,10954,30528
4686,7652,30430
4687,11097,29135
4688,10065,27809
4689,10488,28096
4690,10163,29088
4691,9675,29409
4692,9987,29425
4693,11268,29313
4694,8267,28916
4695,11099,27767
4696,10543,34688
4697,8560,29508
4698,8483,28006
4699,9342,32032
4700,10301,30834
4701,8480,30088
4702,9142,29191
4703,11412,27075
4704,9995,28615
4705,11058,29568
4706,8317,31050
4707,9311,30445
4708,11500,30524
4709,9591,28597
4710,10591,29903
4711,11187,30503
4712,8467,28664
4713,11283,29638
4714,7020,28995
4715,8104,26404
4716,10946,30147
4717,7667,30002
4718,10550,28898
4719,9696,32346
4720,8165,30977
4721,9585,28557
4722,8346,29467
4723,10422,29686
4724,8217,29682
4725,8290,29024
4726,12126,29771
4727,8716,29425
4728,10346,29067
4729,11613,29116
4730,7007,29910
4731,10072,28021
4732,7254,30094
4733,10074,29253
4734,8706,29930
4735,9237,27750
4736,8359,29600
4737,10861,32228
4738,10363,32174
4739,8836,31964
4740,10442,27678
4741,7558,29800
4742,11770,30653
4743,8838,30068
4744,10369,30502
4745,7590,27942
4746,8274,26149
4747,8923,29340
4748,8393,29895
4749,10601,31163
4750,8803,32264
4751,12655,27718
4752,10868,29933
4753,9819,30044
4754,9897,28490
4755,11568,27393
4756,8978,28090
4757,10446,28824
4758,7462,27246
4759,7998,28410
4760,10944,27649
4761,10735,29743
4762,9027,31248
4763,8945,28558
4764,8265,28431
4765,11315,30312
4766,8314,31119
4767,10579,29179
4768,8989,31605
4769,11292,30455
4770,8625,28312
4771,12609,32080
4772,10226,31264
4773,8944,30572
4774,8869,27868
4775,7308,31268
4776,7988,27975
4777,11824,26962
4778,10172,30032
4779,8125,30728
4780,9465,31115
4781,8975,26886
4782,11220,31547
4783,10099,31697
4784,10857,29911
4785,9789,28979
4786,7036,29421
4787,7446,27665
4788,9451,30100
4789,10988,32416
4790,9807,30515
4791,8516,30120
4792,9130,31558
4793,9830,30837
4794,9281,28697
4795,10466,28984
4796,12050,28590
4797,9784,30841
4798,6906,28815
4799,10895,28171
4800,4764,24290
4801,3241,23730
4802,3373,24827
4803,894,24681
4804,5567,22531
4805,3190,24760
4806,7017,21009
4807,3603,25332
4808,3771,25719
4809,3246,21924
4810,3589,21932
4811,2371,24287
4812,2269,24231
4813,3097,21394
4814,4978,22611
4815,4753,24184
4816,2347,25347
4817,5413,26551
4818,2296,25155
4819,1452,22110
4820,4978,22896
4821,5425,24065
4822,4778,23740
4823,3774,24675
4824,3039,25257
4825,5649,26576
4826,3596,21992
4827,4156,22920
4828,3278,21246
4829,4552,22408
4830,2194,26885
4831,5686,22890
4832,2037,21949
4833,3631,23516
4834,4730,23180
4835,5601,24537
4836,3687,21377
4837,4265,23831
4838,3644,24519
4839,2667,23560
4840,3291,25152
4841,2854,24170
4842,1167,23762
4843,3712,24214
4844,4232,23085
4845,5526,23496
4846,3577,23685
4847,6020,22796
4848,2429,22288
4849,4592,25831
4850,3179,26296
4851,4111,24633
4852,3531,23895
4853,4225,25618
4854,4418,24219
4855,3397,27161
4856,4344,24918
4857,3747,24153
4858,4791,24237
4859,4630,22233
4860,4544,24654
4861,3175,27253
4862,4826,21979
4863,6448,25421
4864,5051,24176
4865,3685,25028
4866,5257,25146
4867,5188,23943
4868,2974,23340
4869,3461,25676
4870,1727,23577
4871,5621,21827
4872,4331,23561
4873,5953,22827
4874,4668,22734
4875,5590,23060
4876,3360,23060
4877,6510,25712
4878,5676,24532
4879,770,23191
4880,4592,23051
4881,4861,24236
4882,3514,25310
4883,3089,21290
4884,4258,24714
4885,3646,23490
4886,7582,25212
4887,3982,23484
4888,4856,24447
4889,3617,22527
4890,4091,22789
4891,3974,24513
4892,4054,23542
4893,2897,24856
4894,5202,24235
4895,2867,22959
4896,5356,26103
4897,3230,23352
4898,4643,22467
4899,3355,24709
4900,3978,23217
4901,4221,24386
4902,5028,21796
4903,5698,22952
4904,4028,25469
4905,3024,24933
4906,3195,24800
4907,7090,24381
4908,5925,25794
4909,4354,25646
4910,1008,22117
4911,4151,22785
4912,2920,22687
4913,7553,24971
4914,4516,26078
4915,4101,23164
4916,2235,24350
4917,3032,23908
4918,3808,24582
4919,5922,25819
4920,4148,26157
4921,5098,22244
4922,4495,23648
4923,2938,23521
4924,6536,24638
4925,4418,25248
4926,2873,23152
4927,3793,22958
4928,7647,23763
4929,4557,24618
4930,3681,23850
4931,3799,23636
4932,4207,22595
4933,3553,24802
4934,3240,23761
4935,2354,23500
4936,4207,22555
4937,5851,23938
4938,3722,21956
4939,4664,23899
4940,4530,25789
4941,1983,23016
4942,1948,22376
4943,4920,23782
4944,4538,25811
4945,3997,26069
4946,5829,26891
4947,5009,20973
4948,2584,24784
4949,0,22078
4950,17962,26023
4951,17126,25276
4952,17268,25815
4953,16518,24663
4954,18746,24782
4955,20241,28422
4956,15014,25174
4957,17977,24325
4958,17647,24929
4959,17299,24104
4960,16709,25322
4961,15167,24077
4962,20776,27422
4963,19057,25994
4964,16868,24828
4965,16902,26513
4966,16884,24236
4967,16056,24256
4968,18527,23685
4969,16479,25135
4970,18955,26069
4971,15706,24699
4972,17506,27041
4973,18164,25800
4974,17332,24338
4975,18137,26037
4976,17705,24308
4977,14917,26140
4978,16066,26861
4979,17312,27007
4980,19659,21415
4981,18716,25385
4982,17525,23155
4983,21290,25636
4984,17489,24124
4985,19502,22790
4986,18383,25446
4987,15486,26648
4988,16777,25359
4989,16886,25079
4990,17710,24681
4991,16207,23075
4992,19411,24955
4993,17736,25896
4994,17496,26318
4995,16915,24747
4996,19247,23951
4997,17775,24593
4998,17511,24471
4999,17602,26541
5000,14485,27466
5001,15979,26274
5002,20381,22782
5003,17980,25260
5004,19851,26231
5005,15404,24870
5006,18213,24827
5007,17329,24473
5008,17367,26152
5009,17206,26700
5010,17030,26307
5011,17740,28367
5012,17487,25975
5013,19162,25294
5014,18158,24906
5015,20294,24226
5016,18340,27647
5017,15102,25414
5018,15326,24570
5019,14839,25260
5020,19789,25147
5021,18949,24091
5022,15641,23648
5023,16305,23842
5024,16955,22616
5025,17410,25227
5026,18566,25703
5027,15411,26176
5028,19299,28112
5029,14085,28166
5030,17928,25576
5031,16142,23942
5032,17943,24764
5033,19957,21532
5034,16133,27168
5035,18832,27497
5036,17561,24800
5037,16654,24888
5038,16185,25163
5039,16981,25791
5040,16855,26632
5041,14423,25801
5042,16161,25461
5043,19151,23781
5044,17294,24801
5045,19172,25370
5046,17672,28124
5047,18649,25043
5048,18240,26864
5049,16846,26128
5050,15718,25497
5051,16056,24384
5052,16766,25036
5053,17488,25743
5054,17343,27032
5055,16669,24102
5056,18144,26739
5057,18249,24324
5058,16889,25891
5059,14743,24907
5060,17790,23197
5061,20360,23621
5062,17582,24517
5063,16781,25568
5064,18430,25763
5065,15085,26535
5066,18069,21652
5067,16500,22665
5068,17531,25805
5069,20728,24622
5070,16134,24570
5071,17636,23726
5072,19271,25591
5073,17367,24594
5074,17680,26246
5075,17360,25859
5076,14238,27140
5077,19237,25170
5078,18354,24744
5079,17646,24411
5080,19545,25494
5081,15182,26610
5082,17218,25332
5083,17914,24885
5084,16974,24082
5085,17269,25349
5086,18398,25148
5087,19493,24887
5088,20822,27150
5089,18824,29245
5090,17987,26518
5091,16893,25122
5092,18763,24448
5093,16837,26072
5094,17430,24985
5095,17456,26189
5096,18407,26152
5097,17030,24430
5098,20007,27200
5099,16053,26575
5100,26312,31227
5101,25017,26287
5102,27476,28969
5103,25713,26756
5104,25885,27968
5105,25029,28125
5106,22528,30210
5107,26796,28401
5108,23635,26488
5109,24866,26593
5110,25012,26290
5111,25349,24873
5112,26731,27876
5113,24533,28927
5114,25132,26510
5115,27969,30464
5116,26103,25297
5117,28111,28535
5118,27950,29629
5119,24092,29194
5120,24967,28447
5121,27160,30533
5122,26451,28536
5123,26889,28722
5124,24989,24825
5125,27917,28836
5126,25397,28293
5127,27258,28125
5128,24499,27664
5129,25704,29764
5130,25373,29582
5131,24965,27267
5132,26432,28944
5133,25535,27830
5134,25995,27802
5135,22697,28753
5136,26218,27464
5137,25294,27480
5138,22749,27675
5139,27038,28832
5140,24270,28931
5141,27183,26224
5142,26319,25532
5143,24785,29494
5144,27819,25056
5145,25839,27562
5146,24791,27600
5147,25244,26468
5148,25310,26748
5149,25702,27426
5150,24628,28482
5151,27038,28556
5152,23988,24918
5153,24779,29722
5154,27422,29136
5155,24789,30062
5156,25400,28415
5157,24134,29482
5158,25691,28379
5159,24315,29067
5160,24924,30282
5161,26147,28155
5162,25778,26123
5163,28193,29350
5164,24890,29543
5165,25790,27154
5166,24950,26484
5167,27946,28999
5168,23827,25432
5169,24016,28500
5170,28122,28920
5171,25020,26735
5172,26426,27831
5173,25387,28090
5174,26838,28835
5175,27371,26519
5176,24919,31669
5177,23227,27473
5178,25220,25827
5179,28262,29679
5180,27058,29986
5181,26435,28758
5182,25847,26408
5183,26059,28450
5184,26138,26992
5185,25810,25928
5186,27287,31400
5187,24755,27907
5188,25277,25951
5189,24858,28055
5190,25256,26518
5191,24534,28398
5192,26456,27662
5193,27040,28031
5194,26193,25178
5195,24140,27726
5196,26314,27919
5197,26291,28313
5198,23954,25437
5199,23730,26572
5200,24916,28314
5201,25045,25929
5202,24101,28711
5203,24786,29832
5204,25996,27760
5205,24467,28864
5206,24683,28165
5207,24735,27265
5208,27364,31768
5209,26836,29055
5210,25966,28288
5211,25759,29479
5212,24988,29977
5213,25742,29312
5214,23940,27505
5215,24699,28271
5216,23606,27982
5217,27871,27737
5218,23830,27380
5219,26408,29438
5220,24547,28559
5221,26846,28612
5222,28802,26573
5223,26715,28782
5224,26741,26922
5225,26395,28804
5226,24694,26367
5227,22649,28486
5228,26067,25246
5229,25916,28365
5230,25166,27443
5231,23726,29498
5232,25172,27945
5233,21559,27870
5234,25497,30730
5235,24690,28433
5236,23993,26897
5237,24389,26848
5238,27793,30409
5239,25670,29585
5240,25315,29353
5241,24794,28701
5242,23891,26055
5243,24756,28198
5244,24358,27633
5245,26686,28492
5246,24992,27565
5247,23645,27378
5248,24862,29010
5249,29049,28114
