0,1,2,3,4,5,6,7
496,411,393,500,405,611,536,572
408,526,415,414,442,470,458,477
490,577,492,514,521,418,504,407
514,494,532,440,498,585,561,497
547,556,470,400,569,481,401,444
462,500,498,558,475,484,503,487
541,478,531,524,522,451,485,496
472,548,544,390,475,395,567,526
417,511,538,572,484,587,540,580
565,502,501,378,595,540,524,573
492,487,526,532,432,529,541,511
443,482,531,369,514,550,429,580
458,497,550,341,421,412,408,567
584,559,412,478,483,532,547,580
557,469,470,431,514,537,621,403
587,462,509,595,475,442,565,398
364,510,434,526,493,494,456,514
538,525,551,535,489,507,582,474
466,385,513,426,502,514,503,521
499,540,436,366,469,501,541,545
496,459,545,545,449,541,547,348
444,552,538,386,420,497,398,469
514,598,628,536,473,577,462,590
619,347,507,477,383,497,584,445
470,404,356,425,537,619,496,428
510,507,463,454,374,495,504,318
536,496,475,512,529,503,451,631
423,501,548,511,551,496,456,516
523,561,551,501,434,407,457,375
632,609,535,579,443,515,482,658
549,569,385,393,491,435,646,464
465,481,465,546,625,486,553,555
452,472,449,499,450,438,477,517
544,567,531,456,452,520,542,618
423,416,445,489,562,527,527,517
531,455,494,414,467,476,490,437
472,532,584,522,530,456,402,445
470,453,552,356,516,520,420,376
497,442,443,512,554,583,525,469
477,587,531,562,461,349,495,466
446,557,556,476,521,430,535,548
488,490,528,555,468,437,430,416
507,575,504,466,584,476,491,424
433,432,504,527,399,541,523,422
576,469,531,353,588,419,535,550
499,469,495,496,524,579,476,470
506,518,484,487,353,436,519,568
538,480,401,547,535,433,511,643
452,567,521,538,594,540,494,465
575,519,501,438,507,513,547,492
461,628,485,570,549,541,556,555
400,611,548,439,538,508,441,539
510,552,538,485,556,506,560,601
517,460,478,567,406,452,402,543
446,457,521,476,518,504,457,537
518,595,459,470,498,566,488,553
459,406,516,481,495,533,530,415
476,538,503,476,549,484,526,482
567,585,474,531,469,456,493,482
594,424,541,567,442,501,576,365
426,486,462,578,490,501,466,547
481,515,523,509,615,508,570,412
474,539,548,521,506,565,497,499
583,521,646,532,578,463,414,467
559,452,512,539,508,454,487,522
488,530,515,481,528,421,494,406
464,388,470,442,458,550,449,461
459,454,597,622,497,476,598,485
567,565,479,461,510,426,358,501
481,444,497,519,476,556,525,572
483,697,560,424,435,472,481,507
454,438,486,440,541,558,542,599
446,596,523,488,391,599,596,500
444,474,564,520,417,472,513,629
571,558,454,572,447,471,459,592
526,493,561,502,470,407,634,416
570,562,498,476,470,543,372,569
538,532,464,451,504,518,427,525
480,528,547,481,547,416,458,370
514,478,463,474,508,534,543,437
611,522,522,513,450,449,444,507
542,597,595,467,485,510,507,563
507,534,409,483,440,543,577,473
477,482,538,526,505,528,457,411
432,531,526,522,421,545,521,595
511,535,592,522,458,408,553,597
541,467,510,464,644,454,470,586
559,472,454,489,497,543,474,510
423,565,418,576,507,536,327,482
503,505,538,377,659,545,551,539
419,511,455,476,525,443,458,526
477,500,507,396,451,527,453,508
493,644,465,450,389,482,453,483
475,510,542,460,548,424,542,508
637,485,366,501,498,524,549,435
558,535,348,458,429,530,596,524
328,594,522,495,496,580,518,469
506,466,538,524,517,709,469,505
575,430,447,538,497,514,481,633
424,636,510,514,499,587,562,518
462,458,405,501,450,571,552,598
535,571,523,519,396,409,586,421
532,376,581,607,563,404,561,509
529,586,431,418,342,513,489,569
373,477,441,444,513,420,517,502
621,418,546,600,406,631,479,456
469,480,555,538,565,555,482,466
474,544,559,488,463,556,485,596
518,507,447,548,611,638,520,533
538,473,591,504,541,463,646,327
554,449,563,474,507,551,571,492
480,527,503,421,432,481,412,487
482,506,365,369,501,553,577,404
566,547,441,492,457,517,494,441
594,574,427,665,474,442,343,447
446,490,613,507,482,549,423,511
424,531,472,512,352,488,449,467
475,453,503,530,494,538,479,496
418,579,451,525,637,484,499,505
535,429,472,504,670,492,587,467
532,524,492,517,528,529,498,510
413,518,530,485,372,585,464,495
521,434,542,515,399,442,445,579
513,479,454,424,624,482,539,553
516,457,541,470,551,620,602,455
557,495,501,419,415,514,404,483
556,478,434,586,524,464,581,566
510,574,522,491,413,439,490,498
495,406,635,502,499,537,598,488
537,549,599,513,425,495,531,495
472,522,434,536,478,499,467,490
531,519,511,565,402,556,523,431
563,525,471,430,536,482,410,440
562,609,530,467,493,443,463,491
496,530,560,486,577,503,495,417
570,480,517,452,533,478,515,434
399,499,503,392,537,463,489,375
432,542,435,407,370,583,521,510
476,478,491,517,410,546,552,498
525,439,516,505,474,561,604,554
411,486,487,553,430,434,433,535
488,396,581,485,506,422,485,548
452,485,556,509,463,475,443,538
434,483,527,566,544,415,466,513
494,450,539,564,571,653,453,467
531,559,453,458,498,665,491,555
473,435,546,469,477,459,560,565
546,435,404,533,521,555,547,549
483,530,531,410,421,520,545,545
467,434,508,585,508,482,490,560
517,380,546,519,405,547,512,439
594,556,432,393,534,457,423,629
567,436,518,457,446,514,453,610
594,422,468,518,539,633,468,534
375,503,524,490,510,422,603,467
494,414,377,435,505,459,446,514
566,542,501,518,471,568,474,398
415,492,427,468,494,573,513,589
561,526,513,514,519,477,457,500
565,562,594,409,521,429,413,479
502,477,448,349,460,534,518,471
572,442,501,487,437,470,550,369
507,444,462,480,519,490,538,584
527,452,540,405,501,560,384,442
475,479,532,421,479,449,438,512
553,476,530,670,491,520,504,601
594,526,476,423,478,500,496,518
605,440,425,474,517,517,417,495
399,489,502,412,504,461,484,411
496,438,413,462,479,547,560,508
419,571,486,537,488,488,493,536
457,571,604,528,461,617,478,616
537,445,594,546,486,504,562,515
438,437,321,533,501,496,507,540
501,523,492,534,556,574,501,591
416,601,434,491,532,419,423,409
524,540,457,484,496,521,547,448
521,507,496,427,538,458,556,561
620,515,496,371,441,428,579,427
532,468,509,455,400,494,403,566
480,451,550,504,483,476,623,558
571,501,619,395,610,534,492,511
494,500,439,466,578,404,408,606
492,446,497,553,393,616,438,429
411,536,551,540,586,592,562,533
547,440,527,441,568,429,557,550
598,452,515,490,504,431,609,546
615,611,413,440,591,580,594,431
565,581,612,410,508,389,529,476
545,545,438,505,525,570,513,474
416,440,524,509,430,482,451,496
385,587,476,502,505,516,447,550
420,465,447,514,531,543,394,571
565,518,461,493,473,371,471,574
559,489,503,493,601,548,437,436
446,540,445,545,506,560,553,499
410,496,483,538,584,452,457,484
521,515,464,458,526,616,403,598
449,414,521,527,474,546,516,531
534,484,377,567,546,483,583,465
519,502,508,519,434,449,593,430
633,440,605,496,553,500,470,460
377,495,500,558,548,576,419,480
452,499,507,446,461,372,466,512
402,575,528,448,597,543,377,503
488,458,383,458,469,389,463,575
532,420,425,516,516,493,578,515
562,497,490,526,361,486,493,492
440,463,473,483,444,526,482,404
511,409,481,557,446,417,405,464
548,546,543,563,493,507,641,513
507,425,557,406,649,411,426,561
454,563,556,536,538,443,515,473
540,498,442,484,525,512,480,454
606,500,503,435,518,524,551,541
582,410,514,527,506,469,504,515
429,460,453,489,543,511,502,466
557,576,436,484,387,419,448,464
582,447,553,446,485,546,439,498
510,438,495,465,500,551,451,451
423,502,542,495,433,367,578,445
499,496,412,536,497,494,479,615
503,404,450,467,452,521,568,434
531,471,408,394,587,434,337,520
501,481,400,443,478,569,488,540
471,387,458,543,522,444,504,513
522,487,522,529,495,463,396,544
485,459,460,565,437,634,546,449
504,473,393,491,498,591,517,555
585,527,407,473,562,512,490,548
511,458,448,559,472,523,523,422
583,531,596,487,473,509,596,432
538,467,440,521,564,482,469,541
518,547,524,432,387,380,519,599
509,494,506,324,549,556,535,536
436,592,590,486,523,385,444,548
469,497,443,598,526,392,588,584
337,534,537,530,436,544,521,596
470,498,489,454,360,577,500,524
426,612,483,441,398,506,483,493
387,521,414,507,412,524,478,539
509,386,496,504,522,443,456,532
418,464,494,534,548,519,499,409
548,510,384,474,560,493,384,417
552,486,396,547,513,536,362,455
481,473,559,481,529,513,500,536
522,529,404,511,577,553,573,492
393,563,509,522,526,534,506,484
491,505,532,425,451,534,570,545
592,399,524,617,470,481,525,426
491,493,482,482,314,531,380,581
490,386,509,550,523,466,524,451
575,466,399,454,428,596,386,581
474,519,525,566,563,539,565,600
508,525,337,558,667,585,505,550
558,451,464,543,509,471,439,469
481,529,501,563,593,405,389,446
518,528,548,546,580,535,531,533
539,423,463,528,555,426,481,408
547,558,445,428,515,431,530,460
513,407,382,543,445,544,470,488
535,467,448,581,449,369,507,537
507,495,530,436,516,432,474,540
560,517,489,386,552,609,459,469
460,385,456,402,450,584,531,449
496,496,559,425,486,594,463,446
539,536,375,633,511,412,422,478
544,492,551,550,544,422,404,431
431,600,437,560,416,564,387,464
507,503,633,490,466,454,370,469
425,587,601,492,506,469,451,560
457,423,572,538,510,441,506,584
522,476,398,457,382,553,329,489
514,456,426,571,525,507,463,446
504,507,498,558,467,432,479,523
550,494,564,549,541,528,620,579
561,392,517,479,444,389,460,563
528,434,578,436,388,630,474,490
578,476,516,485,447,493,386,509
456,449,474,458,464,468,438,427
451,491,526,579,524,490,533,506
577,512,507,577,382,455,536,586
513,462,554,496,501,450,606,468
462,420,590,556,424,518,485,495
615,472,461,637,542,539,479,491
485,501,594,460,623,484,448,506
455,408,502,498,574,606,554,498
582,538,501,663,547,398,537,406
552,495,502,468,496,501,528,477
473,458,570,512,470,641,559,550
621,620,603,417,551,439,495,425
496,383,437,481,517,413,425,410
594,624,598,503,448,586,544,404
569,487,618,477,543,452,532,477
390,495,510,412,477,540,443,528
562,509,460,337,454,387,547,464
491,547,502,401,456,486,535,489
490,585,402,509,554,416,519,518
437,501,528,474,458,438,528,505
549,638,508,560,357,549,461,406
480,461,552,500,447,449,547,520
449,507,501,548,470,458,408,450
458,548,450,517,595,558,492,542
480,457,601,407,526,480,478,540
492,477,480,441,319,417,456,558
519,518,575,437,488,507,553,457
495,489,578,431,453,534,404,409
449,510,510,438,501,494,401,486
496,474,569,496,420,530,453,452
474,560,541,531,531,460,585,605
537,592,460,551,525,451,598,593
511,426,475,450,582,596,486,675
493,565,466,557,533,514,604,579
462,537,435,538,609,461,410,567
556,508,526,586,494,533,531,565
537,544,495,412,497,569,485,523
416,481,458,592,597,497,522,535
507,512,482,437,386,465,494,609
532,460,390,502,489,564,476,601
463,471,532,463,527,599,587,432
557,372,456,628,435,417,659,568
551,582,534,527,482,367,526,390
450,564,469,452,413,427,573,536
401,561,582,482,471,573,571,538
531,465,482,502,449,494,576,319
558,469,496,554,548,562,542,511
604,592,464,502,488,547,544,342
583,453,540,470,407,460,595,494
547,464,480,408,471,469,495,471
515,628,476,457,562,532,460,508
525,424,529,486,498,502,406,577
465,517,551,591,564,543,405,657
563,446,539,507,477,565,484,483
512,328,514,539,465,507,570,532
509,507,521,379,483,402,470,450
558,618,448,619,559,509,508,590
583,451,540,547,493,526,627,534
536,585,540,442,365,378,550,543
517,472,432,493,507,537,501,575
400,541,574,507,494,504,359,452
565,568,557,377,554,634,441,509
505,422,437,543,551,531,580,543
562,534,520,520,516,477,597,481
492,520,470,465,524,495,635,518
463,476,524,616,410,581,452,379
461,418,457,491,514,498,491,312
340,367,505,470,470,500,512,545
494,481,477,404,463,387,518,586
619,557,443,485,485,649,519,529
483,584,451,500,504,550,571,628
430,547,476,593,555,586,486,468
551,523,487,399,551,597,487,385
561,416,462,500,545,502,505,465
584,536,445,563,451,550,437,502
494,524,555,503,549,553,474,590
480,485,459,427,550,664,543,524
536,499,366,516,448,554,465,381
471,512,463,574,586,539,512,492
431,450,491,508,477,586,576,525
639,418,520,546,446,604,457,637
424,548,433,504,426,476,452,513
571,422,558,442,526,576,565,444
594,665,480,461,572,449,563,423
487,476,414,559,477,530,501,518
399,556,418,432,473,364,461,533
546,481,464,570,507,534,550,545
469,441,474,533,479,415,501,450
564,509,574,529,565,449,445,480
456,442,424,410,502,451,383,459
547,531,420,553,457,437,594,455
502,610,640,597,571,509,462,477
534,468,503,553,560,477,517,478
442,492,442,451,495,530,611,460
428,575,580,598,523,334,527,627
551,402,503,580,726,547,446,556
556,379,494,567,581,475,441,486
432,517,510,567,526,441,491,531
567,526,454,434,589,414,572,459
427,503,518,567,501,382,622,403
508,605,544,522,428,548,376,369
580,576,544,477,488,366,483,608
573,463,622,567,484,463,458,462
460,538,504,376,385,563,535,430
402,457,491,549,443,597,534,512
420,522,441,563,512,437,521,451
504,544,515,431,550,532,540,527
499,547,494,504,524,503,498,475
448,399,436,408,531,497,561,481
499,574,440,473,498,541,503,485
388,502,610,508,460,490,563,573
512,560,495,551,526,415,469,503
532,480,577,463,642,538,560,543
518,419,517,488,500,397,453,329
496,543,607,568,381,566,517,627
497,468,441,404,481,445,470,565
545,556,491,554,456,482,423,561
493,524,467,489,440,584,557,451
453,505,600,566,518,580,479,446
563,587,569,483,540,560,606,582
630,561,497,461,542,493,469,582
537,490,562,459,541,526,623,395
543,479,562,518,507,454,473,551
595,415,461,542,531,524,400,424
474,512,581,532,550,552,523,544
569,555,494,468,523,300,523,510
538,397,431,492,427,465,457,514
557,457,601,536,414,521,571,383
526,361,540,376,465,487,508,482
570,561,473,532,593,513,463,533
551,482,401,542,432,485,545,533
446,411,487,563,465,491,500,623
482,534,515,367,473,571,602,516
450,447,523,455,490,499,407,620
486,444,475,532,426,476,435,551
459,562,500,506,481,588,577,518
404,600,552,457,490,397,587,462
518,500,549,458,552,515,527,663
428,559,483,504,605,469,515,474
535,431,585,464,473,515,428,453
511,655,468,411,402,586,525,541
413,534,540,485,569,548,388,599
453,390,362,468,592,421,500,419
541,434,529,529,511,514,419,397
487,493,444,433,382,558,459,485
521,494,511,510,501,463,558,479
437,499,485,559,517,588,499,467
451,517,381,561,438,642,496,654
575,534,549,513,625,570,504,553
508,555,548,603,459,437,449,609
522,466,473,483,505,526,522,420
528,391,481,505,601,546,499,455
522,495,544,424,567,577,502,569
444,496,489,473,415,442,515,630
609,489,533,504,629,621,468,516
497,460,469,550,435,511,560,561
596,336,524,454,512,420,672,458
516,456,540,446,484,551,616,423
486,438,456,552,607,413,505,548
573,475,633,531,543,470,550,448
476,510,450,483,512,538,544,379
565,465,463,458,438,481,501,484
550,407,448,403,372,511,582,598
508,480,518,560,453,523,611,566
511,589,477,492,622,635,498,520
555,495,563,526,416,469,572,457
525,467,507,482,396,447,532,403
595,415,493,549,490,529,498,471
484,478,509,549,513,433,489,527
441,570,512,463,515,500,551,456
533,450,535,477,481,432,475,541
488,563,554,460,365,474,403,518
600,523,621,495,519,482,488,485
477,545,491,493,489,410,408,452
552,424,476,469,603,484,590,438
425,563,585,492,414,503,552,501
480,616,524,472,505,564,533,463
422,456,491,481,612,542,583,447
559,585,578,511,454,583,532,467
503,520,397,496,535,510,513,544
523,577,524,449,605,565,442,544
454,529,539,509,467,515,494,473
456,460,600,550,546,562,455,409
424,547,512,537,490,450,470,499
537,512,540,444,497,517,397,494
454,543,443,416,562,461,403,571
493,603,465,337,445,515,425,406
502,376,535,492,503,583,531,529
443,473,562,494,535,495,655,547
519,330,447,485,496,508,473,493
514,491,478,460,521,442,514,431
503,466,448,496,602,549,499,404
500,394,489,530,497,576,580,421
455,458,543,378,582,496,487,510
493,431,555,455,516,578,506,470
519,454,437,523,500,570,532,601
551,501,551,469,546,548,426,494
538,549,593,517,475,495,545,503
574,534,522,461,437,463,653,538
607,491,372,451,386,473,646,534
542,409,417,410,502,400,411,609
296,495,505,404,519,587,541,550
459,509,664,605,590,481,496,396
442,557,426,533,487,456,543,456
450,474,428,488,543,600,448,519
635,465,496,369,528,518,385,515
504,425,397,465,457,569,396,423
570,510,559,486,554,426,517,497
484,485,492,442,517,555,456,544
508,446,432,653,502,380,452,410
421,517,546,506,615,485,436,576
563,401,461,512,539,449,493,412
429,404,483,505,502,470,477,417
435,567,456,497,501,539,651,488
465,522,515,387,597,448,515,457
620,604,524,458,353,396,662,527
451,392,557,469,459,491,455,537
585,468,423,416,478,537,491,422
527,538,614,436,521,529,518,550
571,506,548,491,501,493,478,462
491,451,382,482,579,590,560,484
512,416,516,542,551,517,549,480
650,496,572,488,519,545,523,500
620,459,544,596,499,442,584,487
432,433,593,366,408,576,567,459
432,501,463,628,596,381,535,353
507,571,512,519,447,459,483,470
480,480,449,511,543,504,494,400
482,488,502,458,418,395,565,440
522,469,417,480,467,442,405,445
566,531,496,522,437,499,634,502
544,453,557,491,547,436,622,393
501,455,482,508,471,569,478,589
422,519,426,560,481,508,558,439
520,463,549,491,601,565,549,474
490,579,572,481,494,418,421,547
542,335,502,497,453,553,461,438
413,518,433,424,460,532,530,443
430,538,545,429,507,531,457,430
472,546,499,440,546,591,466,476
544,480,506,563,458,480,587,441
516,556,537,466,511,521,571,630
504,507,397,504,549,526,639,433
491,533,479,447,652,545,462,552
526,489,476,545,497,643,470,482
609,430,450,569,678,472,494,456
428,466,549,386,492,542,448,553
518,587,552,468,425,539,450,497
517,432,584,471,479,493,540,509
508,534,473,596,561,559,518,480
601,476,614,477,460,436,515,562
544,464,480,578,534,488,544,469
491,450,498,546,404,531,451,460
500,536,450,558,446,557,504,563
455,436,468,605,573,433,527,423
525,498,564,480,491,436,542,568
469,363,520,439,517,539,491,423
471,551,418,483,506,469,483,469
507,441,380,508,431,554,435,506
465,509,442,562,396,492,530,474
590,451,490,520,439,535,483,592
477,484,506,663,425,520,482,605
495,449,508,577,477,534,555,525
560,505,454,426,490,488,477,436
413,456,519,487,493,431,543,439
518,534,442,610,434,617,515,504
604,419,493,483,437,500,365,466
622,459,544,539,508,490,471,493
395,414,519,410,559,438,449,503
524,598,476,454,507,461,429,586
560,530,423,611,387,473,444,450
456,602,488,399,651,640,461,471
573,459,490,460,470,487,476,507
524,553,607,516,546,522,390,482
620,470,462,579,520,438,542,471
485,439,514,489,558,482,482,473
422,468,549,473,507,566,479,568
510,438,561,466,502,495,300,525
499,553,582,505,406,512,582,391
523,546,493,463,540,584,506,420
514,490,529,451,564,538,545,554
516,433,526,447,507,533,525,496
453,492,500,465,572,445,593,532
592,494,467,591,469,585,539,416
448,445,466,517,514,493,376,528
534,496,461,514,537,405,556,514
374,447,389,450,423,523,492,524
547,466,456,482,451,387,520,386
516,506,524,429,614,502,469,500
431,587,621,544,526,605,559,537
530,415,525,474,495,573,538,507
463,432,470,512,519,471,441,448
513,485,575,477,448,524,426,496
417,617,488,448,562,471,484,516
633,529,509,437,486,521,565,460
392,558,535,511,622,553,438,556
474,453,532,406,613,454,576,578
497,426,526,507,540,474,556,501
548,545,436,482,459,478,617,571
511,531,454,453,421,624,370,574
568,437,407,513,548,466,547,424
456,488,505,417,519,585,480,514
504,361,393,448,425,393,590,627
607,573,465,377,567,606,510,489
444,454,508,501,498,536,440,413
490,499,539,485,448,579,568,469
513,535,517,528,531,618,472,530
475,589,568,473,456,544,546,488
540,504,591,515,589,520,442,574
477,527,496,487,344,566,502,520
493,650,457,462,427,426,585,554
555,484,479,534,598,481,571,473
526,404,478,437,516,445,457,447
516,437,524,486,427,482,454,373
520,587,538,444,505,581,480,479
310,427,451,520,428,501,458,447
490,504,428,531,546,490,383,575
422,532,461,443,532,571,451,537
639,556,481,400,490,517,531,580
556,493,544,467,463,572,517,502
501,521,412,575,467,493,518,565
421,574,518,422,491,589,464,482
484,391,472,429,473,469,521,528
658,657,414,503,481,642,465,489
524,456,327,550,495,528,535,378
455,516,476,488,525,511,422,573
390,574,445,431,524,467,537,475
514,406,388,492,515,521,541,558
676,366,485,514,499,571,405,455
628,566,434,509,502,427,630,503
449,536,553,498,533,488,493,476
431,517,558,633,577,391,549,475
558,438,511,568,493,557,550,546
526,599,570,560,551,540,400,451
476,523,502,434,536,498,473,438
369,519,538,421,492,409,581,439
489,505,465,534,520,592,496,487
465,567,503,487,588,600,553,502
416,502,431,539,547,534,432,493
569,485,484,428,489,548,515,435
616,441,470,482,526,511,444,544
484,500,393,462,558,503,583,402
653,551,454,636,526,515,482,456
405,480,500,524,539,502,494,458
544,512,463,467,454,547,567,439
501,560,468,500,430,369,514,551
486,437,566,524,426,494,500,589
467,518,418,506,485,524,423,444
504,464,541,464,489,489,522,419
521,462,555,505,527,525,639,516
553,487,438,460,511,518,383,423
597,478,593,428,455,407,496,568
627,456,513,526,515,438,510,521
508,526,551,496,527,566,474,426
511,527,445,541,446,556,455,560
561,570,602,519,503,443,518,446
543,475,642,524,404,629,525,467
506,477,499,481,425,528,575,652
503,381,601,510,464,564,547,545
528,563,375,418,595,408,504,541
432,431,453,546,562,474,577,413
501,524,487,468,537,498,344,491
491,454,574,626,402,576,486,405
531,577,592,614,567,497,520,495
504,426,455,499,587,500,517,495
491,535,563,531,507,599,500,434
526,469,457,420,433,524,472,585
504,400,535,469,440,508,470,482
544,496,546,464,576,462,433,469
495,436,406,473,431,435,528,569
447,552,473,484,382,527,579,464
526,539,402,561,569,547,569,523
583,426,509,430,440,484,533,582
549,647,550,559,477,396,530,582
585,580,602,569,546,403,458,404
437,521,594,499,446,462,442,486
548,407,577,507,522,524,522,416
484,464,493,457,501,544,597,498
489,471,491,438,487,544,443,524
472,346,520,505,516,511,436,465
518,559,541,574,519,494,450,499
487,446,497,540,568,513,543,565
479,523,557,540,402,528,392,489
539,474,466,520,515,498,615,621
567,581,436,572,414,582,424,389
472,528,417,572,470,431,553,468
608,425,557,485,592,497,530,449
512,458,614,527,480,590,462,490
560,511,431,592,525,462,374,485
630,406,464,662,390,356,477,471
473,546,428,517,620,506,498,487
419,563,577,577,541,522,527,564
507,538,510,527,499,474,457,443
533,541,554,521,491,493,482,565
494,480,500,445,499,514,522,496
534,423,530,591,427,553,552,451
481,429,466,533,538,650,622,508
315,456,483,486,533,441,485,482
359,508,575,579,526,562,537,456
535,567,463,502,455,525,499,415
445,603,372,490,525,531,454,459
528,513,572,413,469,516,504,487
499,527,502,538,631,524,565,562
465,453,552,418,481,639,515,460
485,486,413,587,549,536,462,569
471,484,547,476,519,338,427,550
555,586,593,474,475,421,605,414
433,576,552,533,496,424,430,578
436,382,534,571,480,512,466,623
592,490,616,355,512,472,598,507
418,557,567,519,475,459,502,533
494,489,492,536,579,586,356,448
430,538,513,434,536,536,551,561
526,466,467,438,434,447,484,487
502,414,503,436,539,429,408,450
550,434,583,605,503,496,471,487
564,537,550,443,477,490,460,588
518,488,427,543,455,385,586,557
407,498,554,596,438,511,506,409
489,504,363,572,574,494,532,442
499,563,579,431,524,512,505,461
543,416,536,424,571,431,578,502
473,490,398,411,536,526,440,524
529,475,607,532,519,533,463,562
513,500,573,558,511,535,457,507
533,463,532,483,556,444,420,430
638,515,500,547,542,494,527,511
496,616,483,517,490,515,505,417
500,514,449,482,530,499,424,514
499,562,536,432,502,562,596,593
577,518,507,435,469,487,408,414
423,432,494,523,412,485,550,499
530,490,606,516,476,457,518,557
581,427,400,424,457,453,520,431
612,580,529,503,521,600,559,518
507,531,454,586,471,555,585,441
389,492,427,601,444,476,542,482
548,498,481,385,455,485,425,384
431,449,475,502,426,472,550,439
438,480,484,377,418,431,459,515
451,651,612,441,496,572,409,534
389,644,529,639,499,512,531,517
397,289,531,464,567,515,461,494
498,478,564,603,375,559,571,368
440,469,445,465,435,596,512,541
555,587,518,516,589,558,541,472
406,473,481,459,465,554,568,555
524,489,524,393,551,368,423,440
549,513,553,489,527,511,431,463
518,376,498,672,444,477,561,460
393,475,546,547,512,443,482,571
487,466,491,377,411,452,526,584
609,503,479,464,465,396,570,437
469,412,488,503,456,642,509,492
471,474,517,491,501,541,496,488
471,489,485,531,515,429,458,432
442,452,445,480,462,485,533,498
449,531,538,461,429,522,543,556
553,527,573,481,518,517,378,499
477,452,445,561,477,510,527,583
571,621,507,626,507,606,635,547
568,568,462,566,464,538,511,585
469,539,468,455,482,419,442,470
560,507,482,543,556,531,532,401
514,401,527,530,512,613,489,511
598,590,547,507,509,510,622,401
515,412,456,502,434,474,504,497
511,505,593,485,554,485,543,486
536,552,435,493,639,503,565,425
484,508,495,602,529,504,452,550
566,638,505,478,558,558,469,505
529,444,441,482,431,464,466,453
431,522,477,505,502,479,484,511
451,445,603,389,461,445,554,594
603,518,446,498,524,411,381,561
363,562,557,532,534,457,414,418
419,551,489,448,526,489,436,455
390,380,456,486,611,426,487,444
429,513,491,458,467,434,454,553
522,488,539,470,461,543,533,507
634,497,602,466,496,493,466,515
508,482,426,615,515,532,496,459
549,450,575,503,505,536,539,509
534,472,494,495,463,493,566,504
631,576,467,602,503,409,485,492
487,515,543,538,555,530,512,613
516,488,517,520,526,471,579,597
466,391,556,527,605,544,538,362
529,551,508,619,458,375,573,531
596,432,478,495,489,523,526,475
513,474,468,554,417,559,532,483
503,478,450,497,509,389,552,561
521,496,492,417,510,450,598,630
537,426,497,559,533,461,504,403
515,525,447,373,483,515,525,483
510,604,548,515,489,514,498,497
482,520,517,551,592,551,504,552
436,495,513,496,504,558,459,547
317,493,439,480,465,505,517,497
502,459,403,458,560,491,504,419
500,470,462,474,438,456,493,546
478,531,582,460,481,606,504,564
583,424,429,451,563,514,549,538
539,502,541,464,499,437,589,534
512,500,469,488,517,546,462,503
406,495,509,519,452,559,417,514
516,534,589,510,398,591,552,518
447,578,563,505,614,588,490,490
560,416,495,492,509,417,531,484
445,546,605,522,557,396,411,483
410,510,572,601,452,489,486,525
638,601,441,594,562,483,425,523
462,436,486,466,482,559,617,480
543,536,413,567,614,543,515,629
420,527,524,512,550,455,554,509
633,545,458,454,540,537,510,506
452,521,598,552,471,463,467,502
475,551,528,443,453,479,506,542
447,459,482,478,426,438,428,477
545,539,488,449,492,436,556,564
372,495,525,547,507,486,565,516
511,453,486,504,504,445,515,490
575,456,523,566,561,472,658,497
649,575,542,425,446,516,523,474
467,428,588,515,550,451,505,448
554,557,520,475,399,619,494,540
512,541,476,554,508,537,443,447
438,650,582,476,445,613,469,553
514,527,502,520,602,466,493,541
480,518,444,468,548,537,507,454
549,489,403,619,474,467,485,544
441,590,528,477,519,538,487,550
449,523,443,467,497,557,562,597
507,391,442,478,507,527,509,452
526,404,456,583,384,499,447,441
549,547,475,476,518,525,546,404
478,567,523,502,472,468,489,576
578,436,469,522,515,563,692,626
618,402,574,364,559,637,475,585
449,590,503,509,487,535,503,548
587,495,365,549,483,564,546,472
494,540,555,456,526,536,559,437
435,499,393,446,528,448,517,612
504,586,453,573,495,474,376,448
506,546,488,468,537,484,358,617
486,501,556,415,507,494,530,457
476,502,478,690,498,391,594,544
615,510,492,552,532,535,598,509
505,466,432,453,555,505,510,565
497,460,537,498,511,428,520,662
576,510,468,399,338,399,515,556
376,466,556,514,637,551,460,479
497,453,470,505,503,488,441,563
521,450,545,549,342,444,470,526
476,517,395,568,556,505,547,631
481,424,532,568,514,451,461,493
578,569,555,441,482,626,398,539
534,545,434,510,529,523,436,457
452,424,413,379,428,509,548,491
574,565,643,472,522,457,546,372
473,447,485,499,507,451,553,503
614,512,442,470,442,460,483,577
475,451,542,476,604,560,471,513
507,361,514,596,524,610,497,471
478,443,466,500,597,477,438,533
592,497,469,440,597,572,549,441
541,486,426,516,510,546,582,461
543,452,527,492,537,471,451,511
442,531,534,469,588,441,481,516
509,527,472,547,570,518,447,499
477,617,420,490,483,449,493,457
602,506,475,505,485,406,415,516
466,485,624,471,518,462,521,578
426,507,468,544,482,502,420,619
428,447,479,388,473,470,457,551
626,468,468,440,517,430,507,493
473,436,568,495,371,513,594,431
533,464,519,495,501,598,559,567
501,542,464,477,504,650,533,468
384,468,449,502,585,443,494,580
495,416,480,555,582,502,596,422
467,489,536,473,476,499,469,512
476,571,480,584,545,513,485,505
526,519,628,554,429,487,595,558
485,511,423,563,477,536,421,540
549,502,454,484,537,437,374,484
519,610,469,635,476,448,532,434
504,553,556,431,468,483,444,472
393,463,461,547,474,524,506,522
504,370,471,430,482,535,490,489
518,513,616,479,522,454,472,553
506,570,487,485,513,617,509,429
540,502,519,505,462,601,377,569
421,476,486,513,487,516,573,546
536,583,522,405,423,510,486,445
507,507,412,498,458,556,509,484
431,451,461,590,588,479,390,538
439,481,536,539,486,543,503,342
474,437,443,438,564,464,540,624
470,539,449,516,634,578,577,537
450,558,536,625,457,484,467,517
522,442,506,440,426,508,484,536
510,408,551,589,401,533,571,590
505,501,451,570,539,425,508,439
471,470,524,445,575,528,490,613
485,575,506,429,506,522,454,504
499,511,514,482,526,523,475,407
488,599,563,503,543,519,449,525
375,465,499,390,442,637,494,528
552,551,650,540,373,539,520,543
518,521,533,484,456,470,575,483
476,411,422,552,478,491,519,515
494,452,579,472,445,541,513,528
448,522,495,534,379,445,549,398
501,442,495,503,568,425,556,617
531,471,275,528,519,527,513,375
488,535,387,484,476,487,577,494
496,497,462,534,416,552,519,470
439,310,488,535,458,744,441,411
454,522,454,550,493,447,456,433
568,497,489,434,512,495,600,457
465,582,493,490,488,464,430,576
545,382,552,449,354,473,500,456
427,506,508,548,571,531,480,607
456,543,488,466,494,533,568,538
580,467,526,370,483,464,455,502
522,563,459,507,582,498,432,487
436,553,449,506,529,509,527,475
595,630,516,633,583,544,617,663
460,612,458,428,413,533,524,535
470,445,361,474,452,598,490,593
453,406,559,488,541,642,422,494
587,525,451,456,370,538,453,469
441,483,516,473,539,591,503,414
454,552,527,571,532,500,514,557
581,439,527,537,576,410,409,502
396,475,521,480,461,465,564,549
454,501,447,515,631,492,376,542
417,525,488,546,568,420,518,496
626,518,589,488,513,471,447,547
549,436,485,507,441,498,489,544
511,479,405,425,502,537,545,396
452,459,462,481,515,559,520,475
501,504,587,461,492,503,421,541
486,345,506,527,490,479,459,461
552,517,553,599,562,551,385,610
531,560,518,446,411,563,380,498
436,500,404,430,429,394,500,433
577,544,462,495,639,540,458,527
580,576,565,547,481,514,374,539
469,446,441,438,489,522,539,434
532,503,567,511,430,390,707,492
526,514,416,495,414,558,639,506
486,542,473,392,484,583,514,616
486,537,527,499,370,513,443,570
644,431,479,505,492,503,431,468
480,613,467,473,527,522,529,483
364,493,470,462,511,547,405,467
464,545,487,461,450,522,495,545
351,389,512,428,497,509,442,476
498,428,486,448,623,503,541,438
508,558,423,491,480,519,571,506
541,547,518,508,538,535,469,558
437,429,505,499,528,452,535,426
522,481,450,477,537,397,515,493
621,527,458,495,431,571,502,462
514,393,463,485,567,493,515,551
396,453,505,510,410,534,491,504
527,523,494,468,533,540,588,479
461,481,471,502,534,527,647,495
642,483,498,543,443,526,557,339
462,466,608,474,463,569,438,409
556,549,397,551,530,420,423,503
549,567,450,516,502,455,526,550
476,550,555,555,431,454,519,457
385,529,608,384,551,552,394,396
420,491,469,583,474,480,450,635
477,452,403,462,631,482,411,464
487,607,527,527,394,539,582,501
540,411,516,566,436,511,486,552
590,503,512,490,599,423,546,606
435,526,544,548,602,350,464,555
493,512,497,560,478,510,507,530
540,462,558,483,514,480,471,408
438,507,497,515,455,495,410,501
661,451,587,522,377,548,481,593
386,552,487,475,504,624,432,546
514,583,479,411,559,501,511,484
556,498,610,485,554,523,531,500
538,438,509,526,430,549,403,471
457,495,496,539,360,609,469,548
376,504,531,524,559,496,541,554
512,480,562,499,534,523,499,459
461,486,520,565,442,490,560,554
484,443,497,501,468,498,540,565
484,476,437,464,577,409,532,488
540,504,540,603,549,510,502,509
574,424,453,594,494,439,399,486
456,537,440,513,552,440,508,464
331,617,418,516,576,492,494,445
561,566,609,475,536,512,509,517
537,445,480,426,468,627,407,515
563,446,484,497,566,510,537,579
513,421,429,511,539,551,485,480
457,556,433,492,433,389,454,436
492,414,553,549,574,334,524,508
467,616,512,520,445,500,434,503
425,509,346,449,469,446,565,485
523,492,472,354,494,512,515,480
422,524,572,519,465,587,507,467
467,499,510,501,610,350,476,526
481,516,488,528,504,498,518,534
554,544,536,418,530,483,525,632
416,608,562,475,538,474,577,448
445,468,518,365,468,584,463,330
579,483,479,473,512,574,442,469
337,464,463,559,522,526,633,469
444,679,518,494,477,521,526,543
477,479,528,530,481,542,549,464
354,476,479,506,511,381,523,545
426,444,501,485,333,568,584,495
553,550,465,583,575,545,395,548
428,528,419,491,453,489,405,482
474,557,584,523,442,526,501,536
362,554,523,527,476,556,533,542
412,450,399,427,457,385,592,442
420,641,589,503,486,475,572,462
590,407,456,456,588,537,406,480
532,439,536,510,547,577,409,501
466,425,435,526,579,469,510,452
515,445,459,632,466,548,505,492
509,447,578,512,509,537,396,522
462,485,553,515,502,379,466,427
553,516,517,507,484,430,465,482
450,579,571,600,468,545,572,564
426,540,470,478,523,502,529,549
398,610,526,502,463,421,575,413
504,558,451,447,521,561,597,534
514,520,444,507,537,377,514,456
540,541,482,500,516,495,570,373
611,578,531,477,466,452,554,446
477,533,477,446,477,489,454,466
534,623,481,435,586,551,406,546
499,569,582,537,485,459,559,573
670,551,496,547,668,722,752,660
620,557,539,720,645,520,594,596
544,631,534,592,672,560,557,583
657,592,658,540,538,608,501,678
640,564,633,646,661,511,560,688
579,549,536,580,519,584,594,633
508,586,642,673,640,496,495,747
645,650,570,522,522,695,602,651
676,607,673,552,562,610,609,518
614,550,658,533,599,687,640,647
603,570,658,650,585,563,491,602
652,658,602,608,536,597,648,600
608,549,627,596,529,656,720,596
579,648,689,593,610,708,654,683
669,602,531,603,703,580,706,476
659,567,586,612,619,649,666,578
611,652,496,623,624,663,626,525
677,555,673,620,604,548,608,694
612,562,539,542,516,605,551,712
561,533,595,582,522,596,604,695
569,624,654,604,522,612,576,559
590,657,569,554,631,672,556,625
645,660,611,523,726,619,632,642
726,502,649,692,663,673,524,564
577,579,526,534,621,634,681,556
580,645,655,589,633,669,518,589
628,708,510,689,507,589,467,542
550,547,666,588,681,581,595,696
602,562,696,597,588,599,635,603
515,604,653,684,516,666,545,587
616,606,515,660,595,625,662,478
576,555,522,554,657,545,602,578
560,613,625,661,532,597,579,574
604,585,554,540,554,584,553,611
578,414,590,598,575,597,609,519
653,526,706,575,567,480,596,509
698,581,574,572,580,631,600,576
638,625,637,777,648,624,640,649
603,604,664,478,523,592,627,521
590,562,637,640,605,586,507,583
599,476,578,600,441,574,723,529
572,633,659,619,583,618,602,609
495,606,579,598,562,695,602,619
552,634,662,586,556,635,648,685
691,675,708,552,572,629,592,570
487,601,591,664,568,557,598,702
637,616,650,572,626,586,571,591
601,501,477,546,579,570,499,613
613,487,592,548,533,542,560,564
666,442,689,615,558,718,600,609
651,584,572,646,538,615,543,613
612,563,670,659,710,504,667,586
648,618,596,626,513,607,597,653
507,610,609,602,594,695,619,608
565,517,612,630,572,558,511,547
625,673,534,516,496,465,470,612
492,513,611,637,642,690,636,554
756,505,611,621,578,631,517,609
600,644,549,647,586,539,573,581
561,703,538,589,532,583,618,560
545,653,708,583,646,579,537,653
546,592,589,571,740,573,653,600
561,614,556,697,604,644,654,472
636,633,532,522,537,547,610,559
722,652,575,616,587,601,601,584
547,645,601,575,676,573,449,684
605,597,620,616,668,631,645,629
546,613,524,463,627,576,600,556
716,660,656,618,713,618,437,596
474,599,536,607,398,597,505,650
653,560,555,569,600,686,559,615
684,571,653,558,610,642,719,668
515,600,645,533,593,601,643,683
552,553,733,627,627,564,601,562
661,667,682,645,631,547,521,522
704,500,592,565,680,700,610,555
612,518,554,626,625,692,675,571
569,682,546,567,607,517,556,516
681,594,630,602,600,509,575,620
512,476,511,560,557,621,631,490
564,558,540,567,692,610,575,536
578,626,588,629,642,576,691,634
471,573,596,652,552,540,608,665
593,614,645,669,610,601,561,549
524,610,558,673,562,611,653,539
645,572,585,616,698,629,592,571
556,630,598,530,594,627,593,591
645,624,662,491,581,563,624,598
622,586,738,556,518,592,578,660
637,528,680,670,599,510,628,525
613,581,580,636,558,635,624,718
694,601,554,625,472,627,555,595
547,629,676,586,634,538,634,541
563,668,610,623,654,574,596,582
575,588,489,639,605,585,550,553
617,571,566,725,520,630,596,601
555,612,649,614,606,639,560,601
624,584,531,531,623,616,625,641
604,525,675,629,648,628,658,670
619,561,661,439,709,592,650,556
598,692,668,567,658,598,576,655
638,582,550,658,525,525,593,605
658,651,608,562,609,692,557,548
560,621,602,554,716,647,568,651
529,588,704,619,659,592,588,649
508,648,625,523,641,549,612,658
523,612,593,603,677,478,577,654
618,588,540,651,532,508,559,492
569,491,631,565,692,586,521,585
570,644,590,673,620,712,613,687
568,551,584,520,572,656,506,554
664,527,521,626,671,487,567,641
678,693,613,691,551,569,642,591
686,497,587,629,580,521,626,603
712,611,573,587,591,605,562,507
580,548,669,669,574,584,593,681
572,741,618,553,592,624,615,660
538,580,591,514,571,533,574,728
686,620,586,476,659,462,593,576
731,639,686,645,524,568,539,572
509,554,690,537,534,541,635,572
601,636,651,526,590,646,520,647
743,708,663,532,500,514,658,660
651,652,642,618,604,646,599,589
558,661,729,498,592,558,578,612
627,604,548,497,665,659,773,627
525,695,538,589,573,609,555,732
579,585,496,559,713,642,665,480
588,598,557,697,626,607,704,633
668,700,553,621,591,567,544,598
575,561,628,524,550,564,708,643
590,585,696,597,605,464,621,543
501,525,615,571,546,692,541,583
594,521,512,571,553,597,536,492
623,595,617,585,508,564,439,666
601,616,633,716,659,629,524,575
564,687,604,604,631,733,495,520
584,620,568,676,634,629,635,593
677,573,646,623,614,580,608,556
592,645,664,691,590,591,584,596
608,562,526,677,658,527,492,500
563,527,632,582,508,636,545,665
609,597,612,596,586,494,533,523
709,614,484,566,582,568,649,607
604,640,647,611,575,615,667,585
622,500,593,559,632,627,555,708
679,663,605,645,645,535,589,576
551,608,654,611,573,622,542,588
613,576,624,664,646,670,526,607
615,624,581,609,597,623,578,607
659,511,575,618,552,581,624,637
605,750,645,616,533,589,522,646
620,575,624,596,550,620,499,647
611,603,532,646,571,623,553,595
498,646,595,615,569,616,534,522
706,696,652,736,576,625,539,513
661,570,689,692,609,644,616,712
561,502,577,441,617,610,680,757
691,631,483,537,596,544,688,692
660,573,664,577,637,593,546,512
619,607,674,585,579,597,612,653
621,591,611,734,558,645,604,498
537,544,527,637,653,588,568,567
618,607,557,670,604,604,480,577
671,619,538,702,633,550,646,579
560,527,615,646,626,617,621,690
595,739,541,675,706,538,614,642
617,495,639,560,731,551,575,663
607,633,664,521,599,607,571,548
682,441,612,562,617,655,588,573
573,549,652,588,499,573,626,639
563,618,493,645,683,563,673,565
699,632,613,559,626,659,595,698
627,534,653,609,631,542,650,551
488,608,554,524,557,586,598,601
657,594,564,586,556,570,558,500
652,596,591,590,694,618,541,630
596,567,729,597,610,619,614,550
578,719,562,620,559,610,549,581
598,535,587,672,593,513,622,570
628,685,616,635,490,629,614,602
517,607,610,638,695,643,613,688
549,491,622,575,645,593,662,605
687,640,558,592,606,617,618,450
539,556,544,580,630,647,668,575
606,563,576,553,519,402,650,609
485,661,591,529,472,582,639,539
579,573,546,508,468,549,486,642
658,606,587,547,545,502,597,693
594,638,764,515,667,594,581,613
679,587,586,591,643,579,574,633
569,595,684,598,538,543,566,683
632,678,696,625,488,678,572,683
658,589,668,646,588,495,587,559
610,578,713,575,586,587,611,624
585,657,630,582,579,581,605,507
480,609,724,644,656,729,501,624
659,615,562,498,720,528,593,564
593,595,757,684,609,611,682,583
554,527,473,567,539,597,584,698
616,615,705,656,628,659,582,629
655,576,572,623,611,613,608,686
599,569,609,638,638,574,562,556
629,497,688,565,659,611,527,692
624,619,562,591,581,509,471,573
628,590,561,635,619,649,526,601
476,572,585,566,484,590,527,619
584,654,576,559,660,578,621,542
622,653,655,667,663,582,646,614
667,626,600,655,618,622,632,618
654,703,635,570,650,538,632,458
586,515,624,599,715,626,600,611
557,596,686,642,512,614,677,711
559,605,556,604,548,761,574,534
601,553,611,651,622,568,609,528
583,550,412,629,631,667,505,647
539,527,640,614,554,566,628,612
658,718,475,668,546,613,607,638
696,651,610,648,675,637,569,625
558,638,588,579,638,531,663,703
692,492,591,610,640,686,584,634
677,723,613,672,553,582,602,533
628,631,692,601,674,673,618,557
667,593,549,659,585,557,586,694
619,705,697,694,659,540,532,558
528,634,515,474,549,539,615,657
656,494,498,597,634,561,583,563
572,630,625,693,642,704,624,489
709,573,582,788,576,627,594,546
620,594,570,469,708,720,568,614
571,602,625,643,655,689,675,600
644,588,637,655,648,592,668,584
659,656,624,540,623,597,610,557
585,647,602,623,561,492,594,583
640,464,685,539,489,634,531,625
703,602,587,556,647,577,602,573
660,705,642,692,551,650,643,588
569,551,549,642,518,572,625,597
502,551,591,578,463,621,560,561
632,595,625,629,592,567,692,522
639,678,606,454,502,600,632,599
643,680,560,677,583,601,604,539
652,596,652,573,497,660,672,731
578,572,651,671,543,616,518,511
612,617,663,695,611,545,579,594
629,514,598,529,690,614,725,559
574,571,658,641,586,617,596,561
663,564,536,568,629,663,508,718
572,573,568,585,510,642,632,534
523,566,616,548,595,626,541,588
554,544,614,675,569,546,634,635
704,579,548,446,637,669,672,656
490,579,587,540,639,766,621,644
639,649,643,484,593,642,539,606
576,691,648,741,525,513,542,528
619,571,620,566,564,549,488,607
576,585,645,594,591,508,626,732
655,581,629,479,477,709,571,633
513,577,571,673,691,492,592,502
564,556,651,524,572,596,415,645
586,640,563,553,663,624,575,506
608,625,441,768,524,574,632,641
595,606,676,666,617,650,589,647
578,597,710,680,680,529,542,717
643,521,616,586,553,641,460,643
556,623,712,576,589,713,643,759
620,610,594,546,649,621,595,621
565,626,633,611,657,629,625,472
698,557,554,632,665,555,539,585
543,548,660,604,523,589,612,584
642,693,462,565,537,644,662,493
571,502,604,531,579,564,651,552
597,593,599,642,510,574,534,603
684,659,594,671,574,480,649,481
586,532,585,606,614,500,588,616
480,607,626,585,659,677,677,616
562,643,583,590,593,609,557,616
654,513,577,523,639,524,539,576
543,645,596,559,582,587,637,573
555,586,614,579,473,619,560,647
537,566,591,619,594,581,685,675
595,626,613,460,562,524,680,588
655,577,568,607,605,669,433,571
598,602,594,668,646,557,597,555
576,547,631,508,476,675,561,616
678,632,684,509,595,648,578,598
711,596,561,645,590,584,686,641
645,548,575,591,524,583,587,606
607,562,629,622,655,615,698,567
612,621,647,563,601,680,616,541
618,513,591,651,598,750,586,612
628,670,491,592,582,577,613,598
547,558,647,652,651,646,567,647
619,640,599,617,669,582,649,635
622,631,556,573,612,532,637,615
673,564,630,560,635,606,690,686
631,673,722,584,570,522,608,543
725,655,674,725,686,506,564,605
657,632,723,640,641,605,556,566
636,530,639,639,621,579,586,510
512,611,656,591,535,613,723,580
612,592,658,643,604,620,566,510
538,556,648,606,535,618,612,678
599,557,542,512,646,438,604,620
640,597,574,587,572,652,586,478
587,511,642,556,642,585,731,682
671,565,692,532,671,561,631,617
596,613,630,702,529,590,503,584
665,580,538,612,537,602,501,480
585,559,579,597,678,581,520,515
594,627,621,630,571,680,662,728
648,539,680,592,608,499,542,607
762,562,606,532,579,579,587,706
486,525,504,593,552,601,666,585
519,548,567,618,601,647,602,584
627,493,551,697,593,638,630,563
443,545,621,676,552,578,672,625
639,654,477,544,601,488,637,710
629,602,568,577,475,527,539,537
529,541,607,573,692,601,585,709
691,721,606,598,559,557,454,532
587,633,562,703,615,580,581,597
707,590,570,636,738,523,485,586
706,462,505,697,748,625,705,609
509,586,588,627,597,580,599,535
607,681,588,575,668,615,682,609
682,591,651,571,570,528,637,541
605,592,637,532,563,655,670,563
611,599,573,494,596,580,592,598
513,647,657,544,707,607,584,650
636,674,655,610,625,529,500,640
548,661,579,598,568,686,629,602
663,600,635,561,626,498,590,559
611,580,565,550,615,572,649,575
581,651,608,536,457,697,590,547
629,519,665,554,627,637,632,680
524,667,700,444,572,699,575,534
408,632,600,609,614,634,600,622
693,607,626,538,757,666,581,671
608,644,481,611,589,571,520,558
665,534,523,570,606,595,538,560
538,539,421,557,676,608,640,564
567,526,664,573,603,647,629,735
536,548,685,488,625,734,566,576
623,582,596,585,619,617,615,576
624,603,590,634,584,572,565,705
527,509,612,723,621,500,648,639
554,585,656,634,566,571,554,564
610,634,594,597,625,596,582,535
665,695,572,545,592,465,640,602
607,543,656,564,585,595,640,580
592,629,570,617,677,599,586,586
505,437,534,641,602,654,613,599
637,640,648,616,569,621,652,672
675,485,540,584,623,682,628,649
557,505,509,635,628,713,677,622
587,626,667,408,688,664,724,588
630,767,653,578,527,567,643,648
715,621,747,584,628,620,557,646
539,664,543,595,668,583,705,697
544,539,634,629,544,589,575,553
717,642,608,642,632,631,541,600
603,678,532,686,642,610,675,564
678,614,526,588,748,588,606,618
576,526,604,586,573,577,647,557
625,601,509,557,626,632,522,658
523,754,631,720,483,475,574,756
558,599,530,613,586,574,636,480
653,687,648,632,578,669,638,656
536,642,574,513,601,514,557,585
516,734,673,604,663,454,696,552
603,635,682,540,551,619,529,756
612,689,679,573,426,620,432,562
552,635,647,589,567,574,482,698
573,632,527,574,584,606,702,476
641,679,584,629,601,630,530,646
490,581,562,722,575,593,577,571
594,621,570,609,576,583,566,615
633,655,624,562,573,592,684,609
655,525,655,574,750,626,602,545
657,599,511,657,507,548,607,511
623,573,583,682,569,556,569,586
569,621,616,581,602,590,639,626
607,563,637,584,583,584,621,560
553,669,620,482,541,542,441,626
660,659,612,617,514,709,566,511
619,648,672,491,593,562,571,691
605,598,626,690,664,537,566,600
508,471,612,703,641,585,688,539
629,506,589,604,699,491,591,667
628,606,622,522,610,638,719,535
681,488,650,620,630,589,681,617
540,596,641,530,559,532,461,576
534,642,506,644,586,677,496,647
546,579,600,511,678,648,626,566
616,570,569,648,492,631,570,668
548,640,605,621,744,659,605,646
575,574,631,572,646,610,613,689
561,635,738,599,564,656,642,621
517,661,667,666,524,657,624,679
680,584,649,649,576,591,626,605
686,577,589,638,481,618,573,572
648,609,603,496,638,576,570,516
529,602,697,630,535,525,688,554
670,672,533,570,625,583,779,570
554,524,566,589,617,538,610,680
560,675,543,681,563,663,583,627
513,587,626,507,552,621,604,674
550,608,626,621,598,480,673,593
627,508,713,580,544,550,617,607
553,600,613,609,651,579,621,589
546,611,540,533,605,679,576,583
603,564,617,645,605,621,687,686
692,525,540,525,611,513,480,678
500,574,568,658,441,635,535,735
518,612,708,679,616,532,582,643
579,586,457,552,567,643,653,535
586,573,583,598,622,575,524,644
613,592,580,682,548,518,644,616
584,631,620,645,552,631,611,627
581,505,628,708,624,569,572,661
624,639,552,582,699,594,598,615
520,532,608,661,701,601,660,531
533,639,597,660,643,537,512,559
566,630,531,622,607,654,508,604
650,629,633,474,631,573,489,558
659,546,497,600,540,629,457,671
706,666,599,690,656,484,624,606
549,706,542,690,629,601,680,484
544,689,643,659,609,548,651,732
640,671,624,625,596,637,637,580
531,562,601,713,636,675,564,543
504,643,517,588,507,695,549,609
636,626,692,684,636,626,733,642
675,583,595,597,588,677,607,532
683,521,645,555,551,494,549,525
730,493,545,525,627,555,548,682
469,572,494,556,684,595,595,577
529,538,586,499,606,455,604,627
642,663,581,607,567,628,614,584
669,553,561,603,509,555,612,610
620,575,629,401,542,547,527,743
637,555,548,506,614,621,641,554
677,553,538,686,704,639,638,640
604,571,603,647,476,631,560,477
571,625,716,547,553,604,650,657
529,640,670,614,672,639,531,731
709,578,578,702,537,500,635,628
519,537,631,563,756,514,662,591
562,660,563,560,530,504,649,617
570,675,574,523,762,513,658,545
496,647,639,582,596,609,599,536
680,626,656,591,615,451,615,660
453,627,603,610,613,636,650,518
565,668,561,562,654,544,613,617
621,650,530,658,588,577,651,625
596,470,569,615,647,502,681,591
590,511,493,574,532,588,644,499
571,454,622,534,683,520,581,542
652,504,610,555,651,597,597,630
511,601,561,611,468,609,598,589
533,569,546,485,581,712,584,580
596,585,651,725,605,581,611,597
588,547,530,579,677,507,630,744
742,617,477,535,564,560,590,609
696,661,626,678,596,527,728,640
568,529,752,649,525,722,530,611
649,523,680,647,735,644,672,619
563,615,607,685,631,631,537,573
659,600,540,551,693,632,562,700
611,477,526,548,690,600,582,544
592,528,562,488,570,531,573,589
658,671,680,650,556,564,595,613
606,631,638,652,600,674,574,524
543,641,533,670,667,629,609,620
696,644,627,495,596,703,573,530
596,615,517,543,545,521,660,684
538,502,616,483,632,542,609,529
727,463,499,565,522,488,563,561
449,605,519,669,554,555,571,646
644,602,600,526,618,574,720,633
634,644,600,651,590,640,461,536
609,650,604,633,601,498,702,571
514,602,614,569,557,586,506,550
608,665,584,633,624,654,566,613
656,474,636,529,563,635,549,652
610,566,567,452,759,559,601,644
636,593,592,622,626,609,515,717
626,683,553,567,635,601,680,684
569,545,650,548,543,622,621,634
665,639,584,614,604,592,503,604
616,753,594,621,609,551,579,669
588,594,625,553,559,637,721,579
686,602,575,580,535,562,590,558
558,589,753,566,725,597,650,668
590,626,601,677,625,457,509,589
664,510,711,516,578,580,531,589
555,656,617,513,603,517,616,510
599,666,548,671,673,598,612,569
506,668,514,700,531,545,732,747
590,477,602,563,527,615,740,556
632,553,658,531,610,668,612,620
620,521,635,536,646,521,540,577
659,534,569,551,571,585,672,625
485,685,658,555,653,566,634,596
696,626,609,656,636,620,752,550
550,610,628,649,568,685,645,633
588,593,547,504,524,667,636,643
730,554,619,552,638,633,619,485
610,711,676,598,538,589,634,727
435,562,611,569,644,663,647,581
498,546,562,448,556,599,686,594
566,647,545,504,546,666,651,567
576,695,529,539,600,570,483,798
659,567,582,651,710,565,606,604
564,705,697,661,648,599,637,579
581,671,582,659,638,596,574,562
619,599,710,693,539,684,588,532
602,648,663,580,549,631,521,603
519,499,718,653,543,535,572,582
638,598,721,576,674,585,668,666
600,652,679,546,532,626,543,584
521,578,636,630,505,640,576,699
557,569,579,615,633,555,604,562
620,551,624,659,523,599,587,595
476,572,735,594,572,589,648,611
575,611,539,673,630,492,640,613
663,641,692,608,477,627,645,585
689,508,572,519,619,541,700,591
644,503,627,623,541,536,627,514
558,609,535,564,541,658,588,639
630,567,675,496,632,511,666,610
684,627,693,572,612,552,469,546
572,537,592,604,556,597,606,542
607,524,553,638,564,484,592,593
549,662,548,588,647,622,657,585
588,451,607,532,545,560,629,540
557,657,639,586,573,645,622,576
642,644,512,616,547,585,586,585
667,637,652,646,592,604,688,550
534,636,586,638,566,564,533,609
580,564,646,638,579,571,629,611
513,575,555,650,552,612,637,604
613,628,527,686,574,629,571,619
528,688,541,614,596,656,669,521
553,592,565,594,603,538,657,534
669,588,553,614,509,626,490,557
498,594,649,501,620,634,649,582
603,592,534,583,610,615,663,503
589,576,567,510,488,602,576,585
502,624,616,719,581,645,585,482
684,435,561,669,465,639,570,717
516,577,606,600,524,585,597,606
642,684,659,534,591,594,628,659
628,534,592,544,523,551,549,548
687,639,526,593,674,489,655,574
583,566,576,582,580,581,624,588
628,586,610,592,714,633,566,569
728,641,570,569,629,585,617,515
647,588,685,679,537,605,511,554
562,702,630,539,671,592,635,645
654,566,634,555,629,536,561,608
588,534,614,659,600,642,614,601
580,547,588,626,640,639,529,566
600,561,753,596,590,566,630,463
567,659,575,683,596,565,600,546
631,627,632,535,630,599,622,579
624,610,581,517,584,546,572,641
590,667,650,645,501,490,557,565
643,642,610,620,676,491,639,582
617,581,619,701,641,586,532,525
612,690,520,547,543,534,504,549
587,664,650,717,725,621,660,612
612,595,594,668,585,510,537,581
562,584,664,696,602,616,637,544
594,701,548,643,591,630,550,594
540,662,507,660,549,666,540,709
623,595,586,544,574,606,579,752
665,584,690,617,580,537,615,626
635,632,621,622,610,542,576,556
697,581,539,613,599,601,556,542
608,591,621,583,631,638,616,652
620,633,602,607,577,572,677,597
569,584,652,688,690,525,496,627
565,607,693,682,622,628,572,653
721,567,629,627,681,571,672,628
690,533,659,710,577,545,655,597
502,548,598,586,648,677,675,596
493,685,607,612,575,722,493,476
636,587,506,614,529,605,571,587
542,492,600,544,520,479,681,613
560,535,680,576,605,614,627,594
623,625,524,586,576,643,628,534
584,522,506,618,614,555,640,651
533,621,575,643,682,616,603,564
642,559,548,566,624,534,732,539
616,642,552,557,687,584,605,651
561,558,628,609,654,547,573,625
585,640,604,603,548,569,554,528
502,703,574,660,586,556,700,555
513,637,626,530,529,596,623,581
541,627,699,630,646,633,613,596
621,644,516,583,587,637,679,696
543,578,564,593,533,644,535,649
675,644,524,585,595,646,619,607
534,712,614,603,588,606,566,520
631,555,537,551,511,621,605,569
754,617,624,639,499,557,597,642
578,634,545,589,588,594,591,611
523,507,532,643,527,652,631,526
658,567,456,656,569,681,732,506
519,596,611,775,682,667,605,582
560,588,619,614,619,636,688,649
611,532,609,569,541,579,629,679
574,685,644,565,539,501,624,631
518,665,663,680,590,611,655,497
645,614,467,689,604,608,740,731
703,535,728,658,522,656,563,653
765,637,614,653,668,636,681,622
610,609,733,644,566,757,606,432
544,577,571,553,662,568,603,645
648,515,629,602,576,584,591,518
599,516,595,636,554,668,572,670
687,642,695,708,664,681,635,582
661,698,512,633,595,601,645,607
657,601,683,671,504,633,523,630
535,675,559,558,675,618,622,640
579,630,594,654,609,474,571,493
483,678,687,589,713,583,495,551
560,563,583,521,633,603,478,549
613,579,435,570,504,631,525,602
666,557,573,643,734,613,653,554
650,621,586,608,634,730,526,690
694,616,616,579,606,548,619,654
601,621,650,576,592,653,534,668
476,643,593,678,622,598,709,523
554,557,661,677,588,619,465,568
609,621,530,626,620,599,542,615
657,565,605,587,563,582,569,600
727,670,586,555,629,580,581,475
600,511,595,517,608,656,610,556
463,597,557,662,606,513,614,633
496,673,657,607,540,585,630,524
704,621,564,574,686,576,531,533
505,615,596,606,562,661,676,607
508,568,631,560,591,643,516,674
614,646,474,633,651,592,638,582
631,567,663,662,650,549,580,621
586,519,521,665,605,644,565,540
624,575,594,562,546,665,475,529
692,568,656,521,561,693,584,575
725,566,529,644,694,514,606,606
538,560,475,695,601,555,530,481
625,591,684,557,626,534,666,577
628,551,596,569,615,591,546,596
546,510,718,666,752,583,638,570
567,549,636,611,627,529,640,521
643,539,582,699,571,650,618,662
633,518,792,507,609,694,684,694
639,618,663,634,700,615,547,536
507,523,611,631,648,563,683,607
581,578,674,625,562,593,577,554
577,621,664,590,540,599,578,540
551,517,534,596,526,629,574,500
491,607,618,554,669,604,581,583
668,648,601,563,605,656,583,591
695,580,683,606,682,661,660,581
607,507,581,591,625,632,684,503
549,618,556,609,599,491,606,569
563,626,580,628,580,655,510,670
668,496,702,619,586,467,572,514
626,694,600,659,490,693,600,639
726,575,665,709,574,643,625,602
426,576,678,614,553,600,672,507
643,652,620,526,598,549,672,439
574,702,647,519,590,561,544,674
534,687,559,526,572,570,617,652
639,590,617,625,662,605,680,666
538,591,520,627,753,699,603,554
560,602,647,746,651,503,617,675
563,695,488,584,673,638,590,553
688,538,542,640,599,565,568,666
626,565,560,579,685,634,692,547
743,664,596,501,528,646,600,570
534,641,643,645,558,573,537,598
550,578,548,582,566,683,688,584
552,692,563,642,689,566,657,578
553,665,589,602,601,700,619,533
658,595,556,532,487,550,563,654
632,590,564,560,553,475,711,597
581,617,573,576,651,497,567,622
551,597,578,523,547,500,643,546
648,544,630,647,586,551,670,650
607,537,697,618,600,554,561,608
552,619,585,563,677,736,425,578
650,708,645,608,600,716,646,548
640,582,716,612,662,589,615,524
564,647,567,610,576,569,676,584
520,579,605,648,680,493,550,617
551,538,583,618,650,583,590,590
618,523,699,648,608,628,626,531
624,625,575,601,699,640,601,521
557,529,460,654,553,530,589,546
587,594,540,558,607,558,557,584
643,641,478,612,595,609,484,632
600,551,593,596,514,514,628,634
569,540,603,686,688,476,582,612
580,509,560,588,759,590,664,656
492,645,585,557,689,631,550,539
608,518,578,707,583,751,620,682
645,514,460,631,664,614,685,657
594,568,567,631,553,597,630,578
707,619,629,642,585,649,618,683
632,573,675,524,579,623,575,618
659,633,491,541,478,584,562,635
687,486,618,616,625,537,620,658
705,555,534,492,664,613,604,591
625,581,591,527,656,655,591,522
596,603,633,636,576,631,588,624
702,662,488,598,573,544,621,631
573,609,630,580,647,581,612,519
604,451,616,538,542,640,621,629
644,725,592,611,676,570,597,570
562,648,601,611,638,567,645,560
542,715,560,587,586,624,677,649
600,573,612,579,513,632,698,683
652,517,572,610,593,682,605,609
581,594,642,581,587,623,672,666
483,625,623,549,586,635,610,696
508,632,644,674,666,631,544,546
586,516,589,535,751,520,606,527
508,668,592,614,628,621,628,614
576,545,483,644,509,613,576,561
595,691,521,483,686,523,545,610
688,726,589,574,718,633,644,665
544,665,709,543,544,611,496,638
648,518,676,657,580,606,558,576
631,659,660,560,659,729,588,610
484,495,617,590,608,559,648,577
556,511,592,611,626,486,578,559
543,596,641,482,584,672,528,609
671,500,466,543,524,670,601,458
564,624,637,582,558,560,620,689
692,761,701,606,610,594,619,636
543,728,627,582,630,612,613,671
485,508,606,667,578,624,645,663
563,580,626,617,548,551,679,600
605,631,564,712,699,698,637,617
569,528,710,531,520,708,540,557
646,710,664,485,585,610,529,554
559,586,633,568,488,564,704,620
545,684,631,515,497,661,686,583
599,614,576,609,531,643,536,587
551,629,657,607,556,563,565,531
595,537,706,600,563,547,537,636
720,493,652,526,558,689,589,641
632,724,639,589,591,639,574,663
584,679,552,639,641,736,607,561
539,573,433,571,551,605,584,640
641,605,582,596,541,571,620,591
607,550,672,545,706,580,553,520
617,564,566,603,566,517,686,565
518,622,603,541,530,577,688,525
632,630,629,632,620,674,511,672
620,513,660,505,597,543,559,603
662,663,612,482,616,591,602,666
694,601,622,598,641,558,569,672
540,710,620,606,611,616,658,634
500,684,498,612,519,593,553,615
607,602,491,603,612,661,547,565
576,671,513,534,719,604,487,586
464,552,517,740,580,627,521,561
623,515,584,666,554,599,609,562
614,595,558,590,570,617,665,627
695,488,494,643,634,506,692,641
573,616,604,584,545,618,664,600
625,686,578,512,598,643,627,528
549,537,484,699,676,642,651,652
645,648,541,637,581,769,622,589
582,553,595,647,628,652,635,574
659,536,579,552,578,638,716,605
633,652,574,617,593,691,568,467
663,527,570,574,661,659,626,538
619,693,612,544,502,590,675,603
615,552,571,522,662,548,668,622
632,646,596,671,617,551,554,624
666,692,614,521,634,582,589,653
522,647,616,622,725,637,418,710
519,580,656,613,631,538,648,440
554,609,536,490,613,730,694,664
733,583,618,592,584,622,656,515
552,519,649,590,639,593,617,651
523,523,663,695,666,667,569,650
604,585,600,515,565,578,749,416
566,586,628,564,577,586,599,614
490,565,600,626,599,688,609,611
621,640,576,592,468,597,610,610
632,590,565,535,698,596,519,592
624,710,626,683,552,618,564,680
573,529,680,611,547,547,615,641
664,548,613,691,660,694,507,657
566,559,581,589,492,575,605,630
602,674,660,612,608,647,573,588
563,562,637,561,522,600,614,632
606,626,546,687,626,609,594,580
619,516,602,581,685,582,588,593
582,557,515,636,652,595,499,621
614,511,563,511,527,622,581,522
585,579,675,593,606,558,551,607
677,625,537,521,519,669,496,551
605,669,651,647,524,517,586,592
675,618,629,660,611,558,610,584
615,695,676,535,620,507,681,514
622,592,532,694,646,612,590,630
614,669,648,603,647,609,742,692
624,601,581,645,565,659,516,561
598,595,601,624,575,576,618,534
579,641,522,614,631,643,750,554
673,524,632,594,578,581,543,625
583,644,574,640,720,649,510,619
497,607,592,582,675,590,605,682
661,523,579,725,539,662,622,657
547,533,563,537,728,532,700,691
634,580,592,563,662,611,595,676
586,547,589,562,607,599,694,503
645,721,618,515,504,583,531,654
526,606,627,571,526,561,521,611
628,593,652,567,684,714,547,567
612,529,534,542,640,731,651,562
535,541,665,631,614,530,596,606
559,539,599,528,558,599,621,524
671,555,570,613,533,653,656,659
617,639,694,568,659,525,491,682
511,591,585,566,515,677,570,595
639,583,583,637,635,573,592,654
658,652,567,601,578,643,563,701
546,648,571,659,545,599,611,537
630,538,579,488,678,529,675,635
598,707,627,602,653,621,509,580
670,560,632,597,545,550,629,557
625,631,672,621,655,559,541,562
531,610,545,592,553,629,719,544
602,587,493,611,572,604,543,690
583,685,563,671,685,641,598,587
599,619,553,589,647,583,582,670
499,611,664,628,567,628,583,527
533,631,519,593,523,617,592,460
513,551,619,561,572,667,610,630
558,510,509,531,588,592,467,578
615,559,683,654,482,664,604,649
577,624,628,590,627,556,563,549
654,578,664,587,778,549,565,565
606,590,626,625,656,623,625,624
607,573,449,547,613,522,613,475
646,584,712,567,565,604,652,611
610,560,646,688,632,590,634,610
612,635,655,592,617,571,593,588
603,572,710,613,700,707,601,678
668,770,541,708,615,538,556,619
549,620,559,537,599,741,639,696
618,668,649,544,635,591,598,574
610,798,593,551,597,641,545,632
529,541,580,548,602,556,568,567
648,559,605,599,537,588,643,644
619,610,643,476,517,557,672,566
587,631,557,575,528,585,551,573
564,555,506,610,591,670,505,509
553,647,578,587,624,586,618,572
645,484,441,528,562,616,591,532
718,575,660,614,656,576,682,565
652,658,526,569,564,638,535,615
566,610,625,649,662,570,436,555
544,533,596,499,545,608,446,623
610,579,501,560,595,515,536,582
555,641,507,649,688,636,641,610
611,553,573,506,615,507,583,612
646,643,605,529,573,558,632,573
677,603,599,552,522,623,600,576
623,663,665,653,664,572,634,551
652,631,592,573,560,551,611,576
632,768,600,667,730,584,598,617
608,567,566,687,639,645,514,620
577,614,685,687,506,564,643,584
647,685,529,607,638,699,613,583
543,693,557,536,572,582,598,580
719,565,681,618,558,622,557,527
584,691,677,534,562,531,536,549
633,554,506,647,504,563,566,648
589,708,546,684,537,662,580,731
707,601,614,570,682,790,530,713
657,600,613,514,713,517,538,708
604,673,599,583,612,599,630,642
541,734,611,542,553,653,543,625
610,493,629,564,646,634,523,586
579,527,581,644,598,709,684,655
665,636,567,623,525,613,648,608
584,581,644,634,574,568,589,602
606,473,540,617,600,655,572,627
607,583,552,534,625,671,618,610
656,609,698,675,616,487,579,621
629,646,664,526,595,453,596,616
614,521,610,565,562,730,647,554
575,621,630,574,551,582,613,594
625,713,567,616,508,600,586,576
749,577,627,609,621,557,624,569
593,547,592,618,565,677,564,564
628,532,651,602,550,611,599,560
661,653,676,754,496,639,626,612
733,620,568,708,551,619,481,663
538,660,524,560,573,635,607,612
484,573,546,642,600,528,576,624
570,633,544,574,599,579,602,574
566,643,564,624,530,579,514,509
526,585,618,468,581,711,590,636
506,575,756,601,500,538,502,618
607,626,530,521,486,617,568,614
614,606,586,518,594,606,703,626
556,639,599,610,562,641,602,612
531,532,611,649,453,515,702,545
682,564,617,590,643,636,537,525
623,596,596,582,602,673,595,588
538,605,645,648,653,590,724,586
579,584,588,667,605,488,600,573
537,594,571,600,602,589,546,588
597,683,526,609,431,646,574,568
455,739,624,480,562,638,604,599
624,613,438,576,598,677,532,591
625,660,616,627,620,601,588,617
732,479,643,724,611,732,610,487
526,625,633,668,587,615,608,637
712,558,574,589,582,574,579,577
617,660,600,589,554,527,578,512
497,489,524,469,566,585,489,497
560,568,580,607,609,578,494,618
570,633,595,664,574,551,599,661
725,569,607,574,517,557,550,536
516,539,688,636,628,625,621,662
659,724,680,583,598,603,642,645
656,579,598,689,560,726,631,578
622,631,637,553,654,619,617,558
565,678,550,641,568,565,487,524
553,649,721,594,610,671,629,651
517,569,696,571,567,587,473,603
553,512,610,630,605,596,568,545
662,516,563,523,509,669,689,596
532,588,652,728,675,585,539,691
640,672,565,725,531,714,526,542
651,657,559,665,642,583,502,595
572,611,650,574,584,626,638,624
590,486,597,580,585,708,711,567
612,708,557,487,577,592,582,581
632,658,520,607,669,650,682,733
640,613,610,575,612,679,573,530
500,577,611,570,477,657,674,647
636,550,654,598,624,677,647,606
665,515,571,687,634,757,549,646
452,457,593,599,608,665,634,626
605,566,718,556,547,636,508,564
445,649,480,580,580,694,576,534
587,599,579,599,550,590,453,605
539,568,631,588,465,653,514,560
532,636,544,563,695,568,602,550
674,648,637,647,657,574,645,565
581,543,597,525,737,626,528,610
546,673,569,630,597,534,569,577
622,568,673,541,672,567,620,619
615,676,594,545,578,596,619,509
534,601,718,602,520,633,514,509
642,549,564,606,700,567,466,603
521,643,541,612,622,542,713,489
615,668,665,750,650,629,571,664
638,568,625,505,496,541,517,653
629,612,653,555,620,474,669,541
427,594,600,542,683,619,624,620
515,648,603,576,699,565,695,499
617,529,647,588,625,592,684,593
676,592,600,554,601,605,603,455
535,568,614,572,558,410,562,546
645,570,674,591,517,649,607,617
636,609,577,740,525,540,574,611
537,676,518,650,665,528,676,564
605,653,750,608,445,532,636,560
580,542,628,513,630,552,565,551
630,626,622,536,692,621,474,555
569,562,563,477,714,649,504,546
620,604,648,682,570,708,531,599
594,571,551,563,606,604,622,592
620,715,575,533,641,484,641,586
638,708,652,588,484,607,701,617
638,578,694,668,596,644,715,623
554,587,500,675,654,616,731,634
502,613,577,471,702,718,619,651
541,480,578,618,639,664,614,508
562,633,604,670,617,638,476,507
642,658,529,538,644,518,654,691
549,647,673,564,759,574,463,524
566,550,560,569,511,614,576,612
633,547,579,590,477,624,672,581
658,588,576,568,659,721,640,549
637,592,672,615,641,647,619,635
616,640,672,528,687,600,667,447
674,632,639,592,653,549,678,529
618,562,545,505,622,490,574,621
666,627,646,562,592,578,624,454
623,686,606,649,683,642,713,628
618,619,434,613,689,627,623,588
653,605,559,636,506,705,658,589
522,520,584,577,633,596,654,578
565,583,499,608,666,562,610,674
590,608,638,542,607,648,641,547
654,642,617,550,492,663,563,551
611,636,674,578,622,563,611,603
608,578,455,580,651,582,549,614
625,650,477,669,649,639,598,667
625,523,674,559,646,637,604,566
606,675,532,588,495,660,443,538
550,678,548,680,685,637,571,589
633,631,639,632,535,655,610,641
613,551,583,575,657,621,521,544
560,659,576,641,689,702,697,589
598,593,641,584,570,467,621,511
511,623,610,579,572,613,680,667
554,644,521,553,700,609,569,568
581,638,554,475,614,576,574,533
