PCAFractionOfComponentsFor95PercentVariance,PCAKurtosisFirstPC,PCASkewnessFirstPC,dataset,firstQuartileCorrelation,firstQuartileCovariance,firstQuartileEntropy,firstQuartileKurtosis,firstQuartileSkewness,logNumberOfInstances,maxCorrelation,maxCovariance,maxEntropy,maxKurtosis,maxSkewness,meanCorrelation,meanCovariance,meanEntropy,meanKurtosis,meanSkewness,medianCorrelation,medianCovariance,medianEntropy,medianKurtosis,medianSkewness,minCorrelation,minCovariance,minEntropy,minKurtosis,minSkewness,missingValuesRatio,numberOfInstances,numberOfMissingValues,sparsity,sparsityOnNumericColumns,thirdQuartileCorrelation,thirdQuartileCovariance,thirdQuartileEntropy,thirdQuartileKurtosis,thirdQuartileSkewness
0.001953125,-1.9992200690052433,0.021716524788908433,g2-512-10.csv,0.9609814708434612,2490.8053451777896,,-1.8531029324104857,0.017667774608496497,7.518607216815252,0.9746622228124227,2665.100966582741,,-1.830169268138834,0.034882908744570444,0.961736764059035,2502.6385902132824,,-1.8494439643777547,0.020252096952975966,0.961769603325087,2502.5337916182316,,-1.849392592810386,0.02009957747109304,0.9439594371134894,2428.74289217551,,-1.8635832946970898,0.008525469638710115,0.0,1842.0,0,0.0,0.0,0.9625262757155413,2514.2124866784493,,-1.8462316445746574,0.02302069126442141
0.875,-1.7442146312126816,-0.012832688863497374,g2-8-40.csv,0.6111005405268964,2335.801426194634,,-0.8131389226230128,-0.02993000885212332,7.518607216815252,0.6422020032470325,3906.7678110666616,,-0.7226775463922408,0.06271438649790152,0.621755099846146,2548.2122880577945,,-0.781251917705915,-0.005440400337882827,0.6210800295670756,2374.7064144256674,,-0.7583511712233364,-0.007037957440576625,0.6045482658413205,2266.9108188971086,,-0.8776892344152332,-0.07414180325503225,0.0,1842.0,0,0.0,0.0,0.6297937734089905,2432.0357842478093,,-0.7323408698416822,0.015177571560368754
0.4166666666666667,-0.39287387801471096,0.9334505503676944,dim12.csv,-0.24960309370101114,-2820446307.698585,,-1.0384338327988683,-0.33877179220423687,8.894258825002703,0.7030794477920097,84893184859.59146,,0.612868260962764,0.2811981284750597,-0.03474582642935705,1028094133.4454637,,-0.7558089256046981,-0.190077445498846,-0.04870383349404868,-74836293.77756299,,-0.8282198691319296,-0.13276314571405146,-0.7502659614427162,-37859962798.24514,,-1.6202938710548822,-1.1729870229312407,0.0,7290.0,0,0.0,0.0,0.2426626745895465,2555149609.5511875,,-0.5497247337515888,0.1625599077583502
0.6,-0.9564180686964794,0.19054611616976028,dim10.csv,-0.25023579725798395,-4161883454.1433463,,-1.1475004450350201,-0.5212867782942702,8.711937268208748,0.7386952154403665,71691090854.05792,,0.7638638092913714,1.3310658396447173,-5.227942273264162e-05,4564537820.411596,,-0.5344617688835669,-0.10660178717541616,0.04948813214225721,1409072071.4446468,,-0.666113255859319,-0.3123732785775597,-0.6886783647992634,-36354202740.78672,,-1.4356912444144594,-1.0982535815100558,0.0,6075.0,0,0.0,0.0,0.24168094193219397,12037180945.809853,,-0.07783777112593449,0.3246934026212945
1.0,-0.9143218620171911,0.02163552236676264,g2-4-90.csv,0.19969912631590475,1941.0708854620977,,-0.36540473662461326,-0.034585763615672394,7.518607216815252,0.2540459236136468,9177.54713543187,,-0.24162496214496265,0.07066311594809783,0.22218639263498205,3777.298139081991,,-0.3392429784257007,-0.016429802708347267,0.22515528135872573,2117.64938153213,,-0.33873479032583664,0.00024190979165368,0.19412372561804134,1769.6809952576164,,-0.43787737090616696,-0.13686614636479427,0.0,1842.0,0,0.0,0.0,0.2349390175448477,3965.7819645680693,,-0.3125730321269241,0.018397870698978802
0.80859375,-1.9799232747149405,-0.027496457591819377,g2-512-80.csv,0.26981158051419085,2377.1858132794987,,-0.2275573612060281,-0.02737404651674975,7.518607216815252,0.7242668348188275,9851.150026451423,,0.11262538619494844,0.1736265421901495,0.2816241432361265,2509.8189767141844,,-0.16404628284198863,0.0038637714166861632,0.281751406129779,2496.5717749169744,,-0.17202268010766186,0.0023471111552182842,0.027075726898289295,239.83708459913856,,-0.44581307964006456,-0.17897105269978494,0.0,1842.0,0,0.0,0.0,0.2936411604410126,2617.9541528585514,,-0.10076078940776523,0.0375897660820542
0.7142857142857143,-0.7402581021063277,0.6738416302148165,dim7.csv,-0.2540005737563051,-5337485599.961805,,-1.2479220255045176,-0.08988750893716545,8.355379895253634,0.5403942182802645,76256637986.80914,,0.6335171950047487,0.9857703681918495,-0.012008460619140364,5679614227.386226,,-0.6431366442212969,0.3190257637739338,-0.10614176409154061,-42933586.819429964,,-0.9849417811586352,0.004081773706438782,-0.44317297737787104,-22646180762.759705,,-1.2549846686235828,-0.18894780955207793,0.0,4253.0,0,0.0,0.0,0.2193491420674614,14959196211.069105,,-0.19985160188128703,0.8060255159728287
1.0,-1.6162927318545466,0.045417559253507454,g2-8-50.csv,0.49118124727132106,2253.023889438363,,-0.6140871929594787,-0.036015129022996376,7.518607216815252,0.5329115944966812,4698.8408249541,,-0.44271422540131544,0.049025734757642186,0.5019278734409124,2572.6215492477486,,-0.5605776949768326,-0.012275895121070291,0.500832072834805,2289.716679022459,,-0.5578487606716858,-0.011110212523617217,0.47733618383654114,2152.167736519063,,-0.663614469402722,-0.08193025312982856,0.0,1842.0,0,0.0,0.0,0.5104584418020315,2373.277852728389,,-0.5161259967275194,0.017867458809938206
0.53125,-1.9828893929185867,0.11072805170584489,g2-128-20.csv,0.8605481196690593,2467.8587473408506,,-1.4971975751970328,-0.09531783647693122,7.518607216815252,0.884933257793359,3033.625610638603,,-1.431750331609898,-0.050991091337344974,0.863688887235911,2496.584495164273,,-1.4836130244707326,-0.08711419537429156,0.8637021183093954,2493.7746887313397,,-1.4833155789567158,-0.08663181739257736,0.8388238561720761,2377.243271695916,,-1.5390715601740679,-0.12695115880781377,0.0,1842.0,0,0.0,0.0,0.8668189982143465,2521.301276244264,,-1.4708135322102325,-0.07858194680227323
0.84375,-1.9217772104009938,0.007327411514608575,g2-32-40.csv,0.6053883756633875,2379.1881260833434,,-0.7801706985104152,-0.020169716560477148,7.518607216815252,0.6547170892062523,4166.148208469053,,-0.6653765123314064,0.08168818865006863,0.614328432576455,2476.794509848989,,-0.7568747605480401,0.00024118551841328982,0.614402437426655,2430.9684971522693,,-0.754771589108425,-0.00423227275476032,0.5820818737701018,2235.332905156464,,-0.8586635596457732,-0.08360861766659985,0.0,1842.0,0,0.0,0.0,0.6228912962214952,2482.9151658359683,,-0.736524665653767,0.029297945391341826
0.7265625,-1.9867217917169981,0.04917252088231869,g2-128-30.csv,0.7307079533745657,2449.714755544035,,-1.1108428523628402,0.014302212179732102,7.518607216815252,0.7667221076779398,3618.564621679785,,-0.9533256178207439,0.08016221043968484,0.7366497677308008,2493.9935168381407,,-1.085223778352054,0.0293013391200629,0.7368894637641268,2486.9818655890294,,-1.088774914395957,0.031386186601743554,0.6907835702346109,2301.3067341723468,,-1.1705999795782986,-0.04922376449145925,0.0,1842.0,0,0.0,0.0,0.7427724238765718,2525.3556230061904,,-1.064411544188897,0.04759858223471741
1.0,-1.449003596038439,0.0002089546134471997,unbalance.csv,-0.008096258692573566,-2870590.756600145,,-1.4340050892999214,0.1582147944031423,8.674196940225903,0.0,604910055.183025,,-1.389829773894742,0.658442534544513,-0.008096258692573566,201746700.0959447,,-1.4192799841648616,0.32495737445026585,-0.008096258692573566,102473667.97867697,,-1.4192799841648616,0.32495737445026585,-0.008096258692573566,-2870590.756600145,,-1.4487301944349813,-0.008527785643981265,0.0,5850.0,0,0.0,0.0,-0.008096258692573566,307090958.8312218,,-1.404554879029802,0.4916999544973894
0.41796875,-1.9874232114091022,0.1065298044515065,g2-512-20.csv,0.8595337239486669,2472.0805635273514,,-1.4921453969939176,-0.09346145138258835,7.518607216815252,0.9152485630777698,3024.1115680886737,,-1.4065343084944626,-0.0431122242949232,0.8622361766796826,2495.862306491108,,-1.4786980039662159,-0.08442931994570693,0.8623217111495245,2495.4710648864884,,-1.4798431413650976,-0.08435206020377012,0.7818382630228478,2245.340703460388,,-1.527625472792709,-0.13069161300215032,0.0,1842.0,0,0.0,0.0,0.8650803984472122,2518.664317665362,,-1.4654521444992115,-0.07578044918931612
0.751953125,-1.979038650109647,0.11716464145615654,g2-512-50.csv,0.4902113133057468,2416.396095451594,,-0.5458879195557683,-0.066831114072985,7.518607216815252,0.6959163086503638,5530.481656513683,,-0.2911396322067721,0.09028570698618178,0.4993735794856892,2489.5763092204356,,-0.4950779700777654,-0.037840183177617656,0.4993932556913055,2484.1305392433537,,-0.49484723152286025,-0.037029286716325036,0.3188324017879387,1613.842918066646,,-0.6905036596626557,-0.16056632503013768,0.0,1842.0,0,0.0,0.0,0.5085942065142943,2553.2545776884463,,-0.4456942896278906,-0.009801322283712416
0.0146484375,-0.47118232299122376,-0.14329818952856613,dim1024.csv,-0.17554900483134828,-403.63734332955767,,-1.3426249710453475,-0.2949296139846226,6.825460036255307,0.9127297033185319,5519.314731152348,,1.4400033033154296,1.4795138212098622,0.004452192553223052,12.122493942561753,,-1.0603946620188278,-0.04955328976961838,0.0043168786938837245,10.288266534485869,,-1.127034259260345,-0.04792776659809962,-0.9065898137820397,-3529.0268812255113,,-1.748671338605808,-1.4377989004495144,0.0,921.0,0,0.001311626289359392,0.001311626289359392,0.1848481354168575,426.8107031581922,,-0.8788939836349109,0.19420746583685647
0.611328125,-1.9895277557035596,0.0868935898028753,g2-512-30.csv,0.7303390227140953,2454.8127645510826,,-1.105051874219032,0.03904002709124776,7.518607216815252,0.8393466354891441,3615.435975762594,,-0.9440461554480795,0.12552537038015,0.7355463934250109,2491.5070110220036,,-1.0791582450611001,0.053869960473529155,0.7356789103877881,2489.9806712940426,,-1.0813813381658477,0.054326764398790556,0.597367004551262,2034.1288145929277,,-1.1944145915943685,-0.0320288844099833,0.0,1842.0,0,0.0,0.0,0.7408367817205112,2525.111479769823,,-1.0534008617254855,0.06893989333313737
0.890625,-1.9097123021084428,0.08436492873576486,g2-64-60.csv,0.4023701119877533,2378.1804116749563,,-0.3951788238185152,-0.019271692054209925,7.518607216815252,0.4741894762444877,6399.423895689978,,-0.14378050938448572,0.12930506629373476,0.4136550559520827,2514.753071532851,,-0.3335378900602166,0.018248596714221733,0.41433654995567304,2462.995047804237,,-0.33534844069627656,0.012454793095609661,0.35388812562613586,2047.7276954353158,,-0.5091540235111038,-0.06839024535635477,0.0,1842.0,0,0.0,0.0,0.4252017658201172,2555.4672489665663,,-0.27451119200802765,0.055011263828007334
0.828125,-1.9449407424824043,0.1231801874274589,g2-64-40.csv,0.6041296770425323,2425.2352290038516,,-0.7836008630862277,-0.07063870585206941,7.518607216815252,0.6649251820671801,4267.3692438667795,,-0.6039129231664311,0.05097124134367058,0.6130405018330817,2500.561630890067,,-0.751928395444,-0.047355745925581574,0.6131543286761416,2476.2017386870766,,-0.7502027349739206,-0.04923328928661603,0.5663186645776418,2227.920846256784,,-0.9084879873104192,-0.12520839490156355,0.0,1842.0,0,0.0,0.0,0.6225196591915435,2528.839048403449,,-0.7172365363303405,-0.027308756277005908
0.109375,-0.6760171930120342,0.258597910693977,dim128.csv,-0.17825838551342646,-384.17516316149647,,-1.288602527877806,-0.3412556481480284,6.825460036255307,0.8209787476741627,4636.084827455983,,2.0537930396151323,0.8898768658671347,0.0042546698287056085,29.852258667430142,,-0.9862843984944231,-0.08452912064420359,0.007544853515331977,20.835358542227347,,-1.0526337097614245,-0.10498357050437337,-0.8633824951045705,-2555.6028466222892,,-1.6964441234316483,-1.4355379164115019,0.0,921.0,0,0.00033930510314875135,0.00033930510314875135,0.18617061083526834,424.95652586980145,,-0.7839085937291961,0.22258304419956965
0.25,-1.9669869965583007,-0.0036277732658387854,g2-4-10.csv,0.9671037037317838,2484.644704319102,,-1.874661934327066,-0.0035454163190978445,7.518607216815252,0.9694567505192941,2595.838317819284,,-1.869017213478371,-0.0011675215451133353,0.9676195392679525,2505.474285428244,,-1.8728476312459121,-0.003016130375289253,0.9674721642787565,2488.373982858771,,-1.8732876741040219,-0.0032734315513092806,0.9656192697543928,2454.219918363301,,-1.8757979632972335,-0.004350136853425115,0.0,1842.0,0,0.0,0.0,0.9685931830447323,2517.278099107021,,-1.871473371022868,-0.002744145607500689
0.765625,-1.9853401436940423,0.07161340102487708,g2-256-40.csv,0.6036937882386619,2449.4868570048493,,-0.7948431974729646,-0.0546029530234417,7.518607216815252,0.7135263116784043,4351.106436453774,,-0.59458560021646,0.07228132079692591,0.6116840475942079,2506.2910815143014,,-0.7537287098117991,-0.03068391959055593,0.6117784421434044,2501.237106184914,,-0.7546861951005359,-0.03255636373120521,0.4849822486195001,2014.6247595928428,,-0.9143317557417889,-0.11096682307463734,0.0,1842.0,0,0.0,0.0,0.6198367586245463,2552.066425507546,,-0.7224690149117706,-0.01007007652260516
0.921875,-1.8132353566492185,0.014139845212043546,g2-64-90.csv,0.2176126048826577,2240.626891630557,,-0.16154008765972017,-0.03603131664699939,7.518607216815252,0.30383854952139316,11361.61871262668,,0.09677410657442387,0.1333676686171868,0.23199633732441682,2518.277227082841,,-0.10330337699901741,-0.002828616937246741,0.23175846666554667,2400.517411346451,,-0.10841220557695297,-0.0025516216283117043,0.16247651835900068,1668.6266386169532,,-0.2896716271467894,-0.15358607359062804,0.0,1842.0,0,0.0,0.0,0.24704519662408983,2571.792955546866,,-0.061273091856279605,0.028653172319150082
0.8046875,-1.9792860388092441,0.02003870098014596,g2-128-40.csv,0.6033396857195914,2441.643548285788,,-0.7809839615509852,-0.038346388718204935,7.518607216815252,0.6726027001200604,4304.391228625805,,-0.6106081751811687,0.07132616271037813,0.6112017429646526,2500.6632781710587,,-0.7444458755113678,-0.015267646699563325,0.6113275634546016,2489.0720619901017,,-0.7479757892537557,-0.011553745979268564,0.553820266373124,2203.8948194727286,,-0.8897062250126284,-0.1273354356261232,0.0,1842.0,0,0.0,0.0,0.6192337250626619,2537.2379690261805,,-0.7088438602882343,0.00886096831381434
0.8984375,-1.9021413661539281,0.023900490007196518,g2-128-90.csv,0.2172794936730517,2250.1908506977934,,-0.17036716175880606,-0.03364116748566078,7.518607216815252,0.3402993749032459,11129.57940793637,,0.11262983208775124,0.1202735068202336,0.2315682518464609,2473.80089116111,,-0.10320791655751269,0.0026075105735988225,0.23120453354358894,2410.877705815361,,-0.109306791425555,0.003059954931259959,0.07650580588360374,781.9326037223076,,-0.36267998876376506,-0.12736536734353723,0.0,1842.0,0,0.0,0.0,0.24565737884295252,2572.1835929229323,,-0.03966922201879719,0.043747701035178596
0.21875,-1.4609438755660074,0.0726108472131352,dim064.csv,-0.1905692653096497,-402.49447080205874,,-1.2204741621100592,-0.2666803621925806,6.825460036255307,0.7919856496695554,4301.013909738941,,0.37995893367576494,1.120307510355986,-0.00375854911075423,28.559440682737204,,-0.9456608244614642,-0.008937666626177482,-0.0037635168024772567,0.24017313411697774,,-0.9988681917769492,-0.01934526736919639,-0.7780083574760991,-2483.7259429731403,,-1.4967173263062472,-1.1962064877797254,0.0,921.0,0,0.00022054831704668837,0.00022054831704668837,0.17412556073263302,398.9545000708112,,-0.7697081033185448,0.23859197359248452
0.875,-1.8612729546628384,0.05357897300886102,g2-16-40.csv,0.6073592521650405,2352.580238045106,,-0.7971507883745937,0.003789082866118638,7.518607216815252,0.6593146796613668,4090.4270008569442,,-0.6320613959150285,0.08112325009299423,0.6163427006713535,2487.897161258501,,-0.7637077606287578,0.02742240274151201,0.6162570508780083,2403.151746531089,,-0.7516395529599846,0.03155548732912061,0.5837411815442187,2162.8101542793206,,-0.9198881761534934,-0.058468645101498073,0.0,1842.0,0,0.0,0.0,0.6247120336504904,2460.9961557708625,,-0.723123024961685,0.050356167604909505
0.8515625,-1.9697327810716942,-0.03383414066621668,g2-256-70.csv,0.32547188866342736,2379.081368349472,,-0.2899226946623761,-0.04152766443960481,7.518607216815252,0.5189808304788032,8039.0480593148795,,0.06068692577874435,0.10691610765816562,0.3378759357946005,2505.719233246188,,-0.22700730340430073,-0.008727209874151211,0.33804248710956064,2485.6756632465595,,-0.23376122797766197,-0.008196644817206038,0.16612437545216763,1242.5846622445315,,-0.45483199013623343,-0.16678587936976527,0.0,1842.0,0,0.0,0.0,0.3503900419030875,2595.265178162271,,-0.16833171818942605,0.029556415014977196
0.5,-1.1842939223587523,0.005037704094438765,birch2.csv,-0.12324075210011654,-834711852.6867378,,-1.433266589737681,0.0038414784175211823,11.407631613756946,0.0,63721927860.54371,,-1.1855267192652457,0.031040752141007724,-0.12324075210011654,15693102448.046427,,-1.3506866329135359,0.012907902992016697,-0.12324075210011654,-57403107.83563244,,-1.3506866329135359,0.012907902992016697,-0.12324075210011654,-834711852.6867378,,-1.515846546561826,-0.005224946156974331,0.0,90006.0,0,0.0,0.0,-0.12324075210011652,16470411192.897532,,-1.2681066760893906,0.02197432756651221
0.875,-1.9415994624570834,0.026678054264767347,g2-64-50.csv,0.49265837715525973,2388.7172208785173,,-0.5386268377175905,-0.01543234996628988,7.518607216815252,0.5467337723040224,5408.820730130025,,-0.32121492128640616,0.08583542984719157,0.5019261075632246,2490.4980753101318,,-0.5044177440688521,-0.0027183636783699888,0.5020206093671995,2454.1482752611078,,-0.5042216812990397,-0.0022877920128436522,0.4561977536387763,2140.362905551614,,-0.669001533950563,-0.08808141669011069,0.0,1842.0,0,0.0,0.0,0.5119089217334281,2519.1589232855667,,-0.4687482997655491,0.01587832364236803
1.0,-0.8989944445153406,0.010478200562088145,g2-4-80.csv,0.27802758031295693,2089.6153520870084,,-0.44296731476843987,-0.01289376292666563,7.518607216815252,0.3075594860618954,7983.127362861024,,-0.4143091761817823,0.09698397697050216,0.2797204314101135,3474.225773154873,,-0.43424708588493166,0.020847910907026073,0.28189039558796225,2220.3849159658657,,-0.4243397908370776,0.03214710407523834,0.23725554750149727,1732.1234476376844,,-0.4739995856837891,-0.07788654149287455,0.0,1842.0,0,0.0,0.0,0.2916991834084066,3565.705995095427,,-0.4156195619535694,0.06588877790893004
0.375,-1.0253468341040308,0.07482537966442461,dim032.csv,-0.1837840924497743,-394.9094772341029,,-1.323298163426157,-0.15512678829391804,6.825460036255307,0.6973323361094724,4500.128787235049,,-0.025622955541943604,0.6417449589852016,0.013041983866080353,118.45628603733684,,-1.1210249837894461,0.032131151208137,0.013368123973159316,70.61339281499313,,-1.1800996267006623,0.048403430156988836,-0.8090461626212594,-2421.26163196903,,-1.6387840077465887,-0.7974349797366618,0.0,921.0,0,0.000508957654723127,0.000508957654723127,0.20118829832399587,541.9811747627808,,-0.9781672689657079,0.22600161308908506
0.0078125,-1.979927691271795,0.13708743148626312,g2-128-10.csv,0.9607507834764076,2473.732693633552,,-1.8357224217780241,-0.13052609270303844,7.518607216815252,0.9666502114162459,2639.4144156417833,,-1.8177581122967938,-0.11571980916213619,0.9616263713778502,2486.2172056286827,,-1.8322709608403587,-0.12821306430881269,0.9616373457077146,2485.826908026311,,-1.833004404799408,-0.12823446126334992,0.9553041184817593,2422.7478940598417,,-1.84568624871581,-0.1403314635240249,0.0,1842.0,0,0.0,0.0,0.9625120500666279,2497.878341150805,,-1.829443017455131,-0.12579647994302678
1.0,-0.6914426249943006,-0.020028840503768332,g2-4-100.csv,0.16009874766215038,1723.4975390888324,,-0.40972633137374326,-0.01985616881416327,7.518607216815252,0.20434974600034794,11162.077510629222,,-0.28144089575236375,0.02085875037593525,0.18096602083917748,4007.727343431613,,-0.35989154926639055,-0.016618243068356943,0.18223852812314995,2022.1317002160345,,-0.37352061750892807,0.009992128794223152,0.15710014285663015,1608.901677674823,,-0.41108406629534233,-0.10731598023780933,0.0,1842.0,0,0.0,0.0,0.19977043226963656,4122.5296651816125,,-0.32368583540157536,0.013230054540029478
0.875,-1.838072504543311,0.04860061365598779,g2-8-30.csv,0.7464237586861784,2371.5229030391706,,-1.161282605880873,-0.0420610363096695,7.518607216815252,0.7650753824441145,3326.5344626350807,,-1.105428588687761,0.02842518127954882,0.7508328793276267,2505.6858111461706,,-1.1430261940736073,-0.012284884190630355,0.7500101206640324,2410.7362145921024,,-1.152696404986365,-0.01013516892644836,0.7373860950469865,2314.330320761093,,-1.175194332689482,-0.05069302648066702,0.0,1842.0,0,0.0,0.0,0.7566412008530008,2468.191860835441,,-1.1221972543128684,0.013712205864739885
0.0625,-1.9911137854699776,0.006640243575211293,g2-16-10.csv,0.963310654374117,2489.968798011396,,-1.8612158502324094,-0.008162330037244115,7.518607216815252,0.9664685206170744,2642.6957145747037,,-1.8522275441468365,-0.0001830182507535678,0.9639623408758488,2505.5647623147015,,-1.858505904638915,-0.006865154374953374,0.9638356674931614,2500.324206560542,,-1.8581370353683173,-0.006861742922209114,0.9614742387862164,2472.0201139917694,,-1.866364156242333,-0.012196530052799057,0.0,1842.0,0,0.0,0.0,0.9647793375110952,2512.860051112876,,-1.8549867750726752,-0.005975415665480451
0.875,-1.9360787385500022,-0.05444351342401267,g2-256-100.csv,0.1835467631328773,2254.4563246323783,,-0.1544561623370937,-0.04721036807175077,7.518607216815252,0.409971712040342,13510.916752921306,,0.1869601120817208,0.17097217465237194,0.19690761499415657,2469.772108511714,,-0.08740723542552366,-0.005978612484556788,0.19692002900486122,2432.0750396181556,,-0.08220125959140101,-0.00609489678199666,0.0483631695987863,599.204877323788,,-0.3695581998613795,-0.13763593077390762,0.0,1842.0,0,0.0,0.0,0.21022649303101104,2607.670685837902,,-0.026257308373233257,0.02891935043055028
1.0,-0.6246518862317569,0.2857905524685488,birch3.csv,-0.2884688766039357,-12578443216.692278,,-1.0599852492531927,-0.03191057190562496,11.407564949312402,0.0,47816288020.97327,,-0.8647249727020663,0.11691143248350155,-0.2884688766039357,15605620050.151037,,-0.9948984904028172,0.01769676289075054,-0.2884688766039357,13592317698.16158,,-0.9948984904028172,0.01769676289075054,-0.2884688766039358,-12578443216.692278,,-1.125072008103568,-0.08151790670200047,0.0,90000.0,0,0.0,0.0,-0.2884688766039357,41776380965.00489,,-0.9298117315524417,0.06730409768712604
1.0,-1.1882206911790538,0.02458726694784839,g2-4-60.csv,0.39836066099248957,2064.7053868896483,,-0.5645930548892457,0.00861756477096391,7.518607216815252,0.4187670935430871,5415.8515385173405,,-0.3484972344274859,0.07047635562211539,0.4031788266055505,2840.4310389747106,,-0.5036548592660157,0.035496403951161104,0.40535410941683436,2131.9912679343297,,-0.5359754004926949,0.03982705444978569,0.3780907156423242,1891.765953569349,,-0.5941714016511872,-0.008144848717042345,0.0,1842.0,0,0.0,0.0,0.41314627062173326,2881.6385099091103,,-0.4750372048694649,0.06670589362998289
0.775390625,-1.9823340697318195,0.08417900494798954,g2-512-60.csv,0.40061213099338855,2414.164694384336,,-0.3978503546936536,-0.005064946472797202,7.518607216815252,0.6559449663188074,6600.203242466652,,-0.10333873433069352,0.13697450011398382,0.4111662561679687,2503.0194935089303,,-0.3413058480937602,0.02210627996945433,0.4113424279342851,2497.823990260451,,-0.34223337362048745,0.023105069586811702,0.03567810885408645,215.270184322475,,-0.5664476479258873,-0.11540218061614976,0.0,1842.0,0,0.0,0.0,0.4218793503547712,2579.394574126204,,-0.2873024486784118,0.05154430744366432
0.4,0.6146939536831604,1.2546621146055188,dim15.csv,-0.21656994636211177,-2077115311.441129,,-0.9330610300270885,-0.2844469893837797,9.117347505127018,0.72464995605027,73228603088.81213,,6.381737483856982,1.5105792481565647,-0.019026089438505287,992693377.5018854,,0.014603844784085126,0.1887078468522911,-0.01029497473159132,-6363432.162021087,,-0.5193837982273246,0.12673694718539516,-0.9390286276260434,-32120592980.32655,,-1.314271418910202,-1.1435279914522603,0.0,9112.0,0,7.316359379572725e-06,7.316359379572725e-06,0.18273534642969827,2188698358.4076567,,0.23952618306926543,0.7154771740251551
0.8671875,-1.9491323368051412,0.09059181787691664,g2-128-60.csv,0.3971435996879589,2377.2933355833266,,-0.39200578795372254,-0.013803486693208954,7.518607216815252,0.4817116922439236,6629.390784525002,,-0.06042640453789394,0.11404836265926073,0.4093061686339821,2497.3669575504828,,-0.33019755665481115,0.013790180064522081,0.4095073057531393,2468.744472625874,,-0.33274505441946345,0.014551128536001377,0.32864609380704024,1939.5121437683456,,-0.5784865341660357,-0.10919883636094117,0.0,1842.0,0,0.0,0.0,0.4215137935779687,2561.5562123686495,,-0.2817863153298138,0.04312941533440176
0.9375,-1.6866496832613416,-0.03728781010929007,g2-32-90.csv,0.21927175565552073,2216.2959210108042,,-0.18700708100658192,-0.020961164711918584,7.518607216815252,0.29470784600681155,10864.995479372314,,0.04932456410523667,0.15266402944528507,0.2331676828172273,2605.6234878610508,,-0.10445696066749427,0.01336665537926458,0.23236362245263054,2361.3268463947916,,-0.11078096877537513,0.01643356131769707,0.16125399633160575,1595.7813189852798,,-0.29044396603839084,-0.12792009474678434,0.0,1842.0,0,0.0,0.0,0.24703185059846786,2529.4222354725066,,0.0017622519070252807,0.047556816562082396
0.75,-1.0683531478655701,0.179515834089921,dim4.csv,-0.5935065023502981,-3887534634.316024,,-1.0502390810074427,-0.8213031616542688,7.796057974316123,0.31632866121514125,97686727901.19923,,-0.19456288886967066,0.3699483703620848,-0.15911304355469863,17633512580.551476,,-0.7731384315165113,-0.4442175487994598,-0.13564854770303586,-185998411.29970396,,-0.8176658636458203,-0.6596774237204919,-0.6500765286840812,-13379130421.560726,,-1.2626591099047342,-0.82746371811894,0.0,2431.0,0,0.0,0.0,0.24387320389711778,22710769567.14536,,-0.5405652141548889,-0.2825918108656828
0.9375,-1.4065617613958,0.012041412648942082,g2-16-90.csv,0.21403958986249597,2089.1176960015,,-0.19370318808776577,-0.046468676750689775,7.518607216815252,0.2764583577734229,10387.368819228559,,0.03256423461014046,0.08895923858736487,0.22810939727132168,2707.190468799854,,-0.125939521072302,-0.01629994926345577,0.23022613211251844,2257.920382545953,,-0.09727123478631228,-0.01578312040872401,0.16339694293632756,1534.3927744268715,,-0.30533356043768745,-0.17311293568833588,0.0,1842.0,0,0.0,0.0,0.24430992644715888,2437.8867512728825,,-0.058887687862628324,0.008781413407913753
1.0,-1.5392131314836972,-0.0075415562321972055,g2-2-30.csv,0.7752074816392727,2311.44223239388,,-1.2779202094210451,-0.003841664942536146,7.518607216815252,0.7752074816392727,3023.0130204693314,,-1.2543419347731366,0.03640204421096067,0.7752074816392727,2646.716134659856,,-1.2700607845384089,0.009572904775296124,0.7752074816392727,2626.204642888106,,-1.2700607845384089,0.009572904775296124,0.7752074816392727,2311.44223239388,,-1.2857796343036814,-0.01725623466036842,0.0,1842.0,0,0.0,0.0,0.7752074816392727,2961.478545154081,,-1.2622013596557728,0.022987474493128397
1.0,-1.3711860668358122,-0.012720208156997368,g2-8-70.csv,0.3342704872083791,2241.6372800064405,,-0.3524253428272771,-0.029606385566248224,7.518607216815252,0.38150903068814673,7690.486623601275,,-0.23320323896950557,0.0675289606092755,0.34153952602557947,2880.3371748209365,,-0.33947778691827957,0.005870988418350584,0.33842085799605554,2325.5382357225717,,-0.3215688883244152,-0.01129945338841307,0.30452079242913305,1978.5672803868456,,-0.5495457309622682,-0.030455875594536646,0.0,1842.0,0,0.0,0.0,0.3502709569352237,2528.4466389000445,,-0.29133405434481685,0.04176512259088669
0.42857142857142855,-1.0535868960856376,0.31406667905064034,dim14.csv,-0.34723185402470885,-8692736120.448702,,-1.1030697310912447,-0.2558653947129158,9.048409504829962,0.772448912098322,63178149873.38898,,5.774591578183422,2.537652226066438,-0.020593667883103996,1490884944.3058057,,-0.2473229213974437,0.22488329304839288,-0.010231081083614646,143895103.22305855,,-0.7576911035625429,-0.08468362146333736,-0.6411494426001335,-24624170053.223427,,-1.416124990970342,-0.4090329440575171,0.0,8505.0,0,8.398421096833796e-06,8.398421096833796e-06,0.26282614449148073,8870307836.731548,,-0.329173121603197,0.5589231282268325
1.0,-1.0293210688820393,0.01023020255173182,g2-8-100.csv,0.19240974657481147,2245.8998689814175,,-0.23985205127396658,-0.04248943109250686,7.518607216815252,0.24265444563345548,12099.874113936332,,0.06829615288332702,0.05461431126280345,0.20131575936063212,3472.8401323183,,-0.13479986711024772,-0.01495302964693848,0.20131300413896558,2327.617525408994,,-0.10163811401273382,-0.016271124707576138,0.1561853339209194,1718.600247351761,,-0.31439689797315307,-0.10584924253771613,0.0,1842.0,0,0.0,0.0,0.21872985726233088,2627.2564660015173,,-0.061829355749950854,0.02826298038221746
1.0,-1.2401516877773568,0.0060812755270435595,a2.csv,-0.01384360237514007,-2576059.370098355,,-1.1926245940339546,-0.1784397747943359,8.460622839927844,0.0,287865094.76454777,,-1.0567999869642506,0.005145614637414134,-0.01384360237514007,100750395.71407765,,-1.14734972501072,-0.11724464498375255,-0.01384360237514007,58856273.7309306,,-1.14734972501072,-0.11724464498375255,-0.01384360237514007,-2576059.370098355,,-1.2378994630571893,-0.23963490460491924,0.0,4725.0,0,0.0,0.0,-0.01384360237514007,162182728.8151066,,-1.1020748559874853,-0.05604951517316921
0.8828125,-1.9427171664952887,0.013308926747867203,g2-128-70.csv,0.3245115210051012,2360.9792660069434,,-0.2682426306422029,-0.0394780432634089,7.518607216815252,0.42915101300831127,7936.29398912808,,0.044123350909775816,0.13091538487952367,0.3369086533656361,2502.7383222586955,,-0.20434386830159926,-0.001340051824081887,0.3370742057591548,2463.9840473153135,,-0.20725515663966698,-0.0012972089771480682,0.25407578045959756,1896.2675698485632,,-0.4275590321928542,-0.12510035524260568,0.0,1842.0,0,0.0,0.0,0.3496742566876221,2573.66725459892,,-0.13343536439621884,0.03363928300062933
0.6666666666666666,-1.202086315399603,0.5957958165759963,dim9.csv,-0.20433953010775735,-2685569077.227743,,-1.150410360154636,-0.5716380515260263,8.606485298894999,0.6725786177095632,111554139201.18073,,0.0506561845297,0.5147900005110525,0.0011146739581469796,8168602613.351953,,-0.8519892791000184,-0.26760139524785986,-0.028236608157300273,435216087.39160967,,-1.0749710144563138,-0.30623834559365964,-0.7240796764529914,-26263562909.188465,,-1.297821557460531,-1.0031000474952445,0.0,5467.0,0,2.0323963985935816e-05,2.0323963985935816e-05,0.2530067801969722,19865035976.42242,,-0.6234964158698788,-0.12483146903389067
0.84375,-1.9568877313425004,0.11017895899856542,g2-128-50.csv,0.49146011503710524,2407.400179276947,,-0.5537413283421608,0.0029922533200595273,7.518607216815252,0.560973492045638,5308.421505330684,,-0.327922073164852,0.15503170792702264,0.5015299732402947,2494.0660686982583,,-0.5033139681830998,0.03488826737429138,0.5019131280040547,2476.5569254069887,,-0.5035731725086257,0.03226856165052165,0.41838466892199616,2084.2091039484862,,-0.6589170275697187,-0.06006093331984747,0.0,1842.0,0,0.0,0.0,0.5123180071291579,2546.2643783532408,,-0.45565176005717256,0.06872520931235204
0.625,-1.930989791822611,-0.03697498320135561,g2-8-20.csv,0.870476520939832,2449.067832785137,,-1.5425257258492628,-0.032182330882649914,7.518607216815252,0.883779207043019,2911.404244671822,,-1.4999340549027154,-0.0061688702708103385,0.8739671401357819,2512.6559431693995,,-1.5272777918275895,-0.02638380829124044,0.8736666931594232,2478.736777680071,,-1.52179202956229,-0.02368025076804317,0.8651794166959802,2384.9766850027813,,-1.5735990508050297,-0.05009589758785789,0.0,1842.0,0,0.0,0.0,0.876899504725418,2509.384516393099,,-1.5040006962269608,-0.018203126935177665
0.625,-0.1230273144932128,0.13160306050698067,dim8.csv,-0.355874782966265,-8094025565.513151,,-0.9427138275673608,0.009329953189794862,8.488999457045455,0.622030934688481,67240696992.30883,,-0.40186262145027074,0.7916361471743242,-0.07484281556889827,2147071516.2199016,,-0.7470984126193387,0.12410941540803817,-0.042706170109528964,-83317032.7021954,,-0.7352137734482582,0.29631203932245453,-0.5468420169557434,-26199730514.398037,,-1.043028141994971,-0.8667294401441589,0.0,4861.0,0,5.142974696564493e-05,5.142974696564493e-05,0.079748230199895,1138884449.147333,,-0.5808646507820673,0.3571160470729752
0.822265625,-1.9661611043053668,0.0365476149005222,g2-512-100.csv,0.1870041077503731,2315.1099490080273,,-0.15248031620446933,-0.032574810396129424,7.518607216815252,0.48927122970563397,13657.863863346698,,0.2986872111295509,0.19447664525004188,0.19941478976966973,2500.806930830585,,-0.07536822846359151,0.00443158130538276,0.1996072679904399,2482.117877209961,,-0.08059168687259533,0.0057243016653976365,-0.28518528385275804,-3617.118961806742,,-0.33659135631673465,-0.14241835406984057,0.0,1842.0,0,0.0,0.0,0.21193079922810446,2648.5549217191237,,-0.004315458102457037,0.03878782315548178
0.701171875,-1.9768582054516142,0.1346288959580424,g2-512-40.csv,0.6026797906002415,2443.2784505393784,,-0.7795476146161656,-0.07744313317947193,7.518607216815252,0.8526108683831757,4414.024940417949,,-0.5715862015724675,0.04158829519959623,0.6100337732197513,2495.2664733584425,,-0.7398837815571329,-0.05917864365312678,0.6100830823252528,2490.93318656775,,-0.7435077645108126,-0.06019336872503739,0.4476704400277457,1809.4810133637184,,-0.9260661470955189,-0.16298867654723795,0.0,1842.0,0,0.0,0.0,0.617473393057462,2539.831693979161,,-0.7025718315059208,-0.040903082730816956
0.75,-1.8812870128748986,-9.717131823643346e-05,g2-4-20.csv,0.8781004594663335,2421.229601220481,,-1.5699318208266044,-0.005263941975250841,7.518607216815252,0.8823608099609236,2807.3798350516445,,-1.5576295058206246,0.005921830830675359,0.8790303703018173,2515.7162064097074,,-1.5672272876661373,-0.0015758901720865585,0.8787605094138404,2439.0330912600602,,-1.5673130628352,-0.0006043216813384727,0.8744712355384057,2403.0270152474604,,-1.5766535191735238,-0.011016748156344647,0.0,1842.0,0,0.0,0.0,0.8817286980175598,2532.3072798619446,,-1.5646085296747327,0.0030837301218258097
0.90625,-1.8532549011362198,0.024848100606583157,g2-64-80.csv,0.26689447805925304,2296.3470930860053,,-0.2394309455066509,-0.035745039495412946,7.518607216815252,0.34394891429165103,9408.040265139383,,0.21443210362115872,0.11383906722736582,0.2806463403470946,2533.8179526973554,,-0.14954858997229525,-0.0038740239325214887,0.28142447720595193,2441.2191193652125,,-0.14597623560495343,-0.001271309849421583,0.2078628680556476,1780.6057269540877,,-0.33209548070789596,-0.13758648927040984,0.0,1842.0,0,0.0,0.0,0.2955700976837433,2584.9039820006474,,-0.07852288977257527,0.03531480505723743
1.0,-0.6922967540914158,-0.03265602175907553,g2-2-90.csv,0.2450339976390974,1900.60174243215,,-0.5361897938937074,-0.09879175079423688,7.518607216815252,0.2450339976390974,7966.60329914406,,-0.5233940277564715,-0.03895990343055648,0.2450339976390974,4829.92727399663,,-0.5319245385146287,-0.07884780167301009,0.2450339976390974,4726.252027205155,,-0.5319245385146287,-0.07884780167301009,0.2450339976390974,1900.60174243215,,-0.540455049272786,-0.11873569991546368,0.0,1842.0,0,0.0,0.0,0.2450339976390974,7655.577558769634,,-0.5276592831355501,-0.05890385255178328
0.90625,-1.883805027475092,0.0658169619941222,g2-64-70.csv,0.32526591601334887,2322.4858787887897,,-0.3049920964629821,-0.028832911865227743,7.518607216815252,0.3962378605225463,7751.699464660957,,-0.061385150322927906,0.12353728731462592,0.33840462967538304,2501.3160474763363,,-0.24806404046738462,0.0008027418808531832,0.33841913498521203,2424.8610931721114,,-0.24501675707298665,0.0031342172305288095,0.26838254208561657,1935.0482226826398,,-0.42381710120458127,-0.12922360896962432,0.0,1842.0,0,0.0,0.0,0.351470401908676,2538.6079414866226,,-0.1846929847741401,0.03357776022511829
0.90625,-1.8216270771756242,-0.11293862887031392,g2-32-60.csv,0.4045104796972466,2386.900892536452,,-0.38443446174852547,-0.04614747255215999,7.518607216815252,0.46584341786197697,6377.508259803097,,-0.14135483486543698,0.07048167008913754,0.41605341554177133,2573.166918408568,,-0.3414993905777479,-0.01181425644131785,0.41708342796990483,2473.368480697539,,-0.35783919955922605,-0.005340408945042478,0.3583413886612465,2101.678943134455,,-0.46568272667652977,-0.08041190184548608,0.0,1842.0,0,0.0,0.0,0.4266773109694642,2545.9179531877644,,-0.31274507577924326,0.021549567770287617
0.9375,-1.6065996593017537,0.036152175373550435,g2-32-100.csv,0.18164054584023254,2154.3492862391854,,-0.16440836286402538,-0.04040608981950342,7.518607216815252,0.2583283119472274,12547.965613740818,,0.13495343831330553,0.11673973099000151,0.19579975980268888,2634.1707177364524,,-0.10746795491610553,-0.005752836398671638,0.19568723948549735,2346.180295931553,,-0.11947359256848245,-0.0047936756587875105,0.13645286292015174,1622.4933974654996,,-0.25043250613401247,-0.1551976413429536,0.0,1842.0,0,0.0,0.0,0.21008026957357817,2534.7278433951947,,-0.0727740689866816,0.03832513016015073
0.015625,-1.9599517069984906,0.19395784930574692,g2-64-10.csv,0.9613499448747763,2469.02933630816,,-1.8205153283061213,-0.18339869936818093,7.518607216815252,0.9658052186826647,2629.9557470949135,,-1.8042515952821918,-0.168140901169938,0.9622286704063464,2481.2948969985337,,-1.8175919799080797,-0.18135277863562616,0.962222996615536,2480.1125819124163,,-1.8168755808937254,-0.1816288608301056,0.958002459234134,2431.6982166964203,,-1.831081500498356,-0.1894152558163907,0.0,1842.0,0,0.0,0.0,0.9630918605400978,2491.555094744453,,-1.814317136372788,-0.1792134207051961
1.0,-1.1450597699417637,0.0455783357330301,s1.csv,-0.02083982044966839,-1101653049.620776,,-1.2229196906711903,0.04530804229787436,8.411832675758411,0.0,55226932073.86772,,-1.0814576809953331,0.10523874545469769,-0.02083982044966839,25905915265.345078,,-1.1757656874459046,0.0652849433501488,-0.02083982044966839,24749191018.56668,,-1.1757656874459046,0.0652849433501488,-0.02083982044966839,-1101653049.620776,,-1.270073693896476,0.025331141245599906,0.0,4500.0,0,0.0,0.0,-0.02083982044966839,51756759333.53253,,-1.1286116842206189,0.08526184440242325
0.48046875,-1.9897691216173286,0.0890147964551886,g2-256-20.csv,0.8600363480812142,2472.952276119821,,-1.4981250185186066,-0.07911580322831481,7.518607216815252,0.893513688422416,3024.3971101600005,,-1.4162180111482296,-0.04093741100158568,0.8630327253101638,2498.1544549218083,,-1.4837919966662128,-0.07073791841339871,0.8630885537660351,2496.821043890489,,-1.4830382336941952,-0.07075142894025488,0.8322587650298718,2365.9974975833957,,-1.5238108470534877,-0.10623242965064407,0.0,1842.0,0,0.0,0.0,0.8661073378047828,2520.6205079026945,,-1.4717812183556154,-0.061375261576679094
0.9375,-1.3706240950949617,-0.012112225778877297,g2-16-100.csv,0.18120247185462493,2116.882415687197,,-0.20973633772707378,-0.09346616864498204,7.518607216815252,0.24967944861732003,12323.707647203491,,0.29351253650424614,0.0689097041435425,0.19509976919110894,2885.1431313111943,,-0.10487611574468808,-0.0352332700860275,0.19668675250654452,2319.721490114481,,-0.1187902353695327,-0.03035907597109824,0.1410816335776528,1655.7989951408415,,-0.29292695864554474,-0.13300123594605295,0.0,1842.0,0,0.0,0.0,0.20696549999448452,2479.9953289796117,,-0.05183191165287171,0.013650090031295279
0.90625,-1.7780415017442246,-0.05276451362183541,g2-32-70.csv,0.3276845879055995,2319.701577973308,,-0.30667510906062545,-0.027090973005398842,7.518607216815252,0.3961015386760136,7559.2918508977245,,-0.0680828141671932,0.1801308614570787,0.3394972240365252,2561.7667518970306,,-0.2478313154075373,0.014714687387501361,0.3397054534542687,2422.5755541971057,,-0.24884007172076905,0.008398053784166203,0.2817858709356223,1936.6066723638962,,-0.4183329241605094,-0.09376768884430421,0.0,1842.0,0,0.0,0.0,0.3515235334454722,2534.4571140466187,,-0.17027958937641352,0.04108813020956496
1.0,-0.9711664549673618,0.08044350469960136,s4.csv,0.11421618713918207,2867404242.5381827,,-1.0637129594241412,-0.024258746030718637,8.411832675758411,0.11421618713918207,25367846905.48662,,-1.0294245208329973,0.022742566915331757,0.11421618713918207,13986912726.781977,,-1.05228347989376,-0.008591641715368506,0.11421618713918207,13856199879.551552,,-1.05228347989376,-0.008591641715368506,0.11421618713918207,2867404242.5381827,,-1.0751424389545226,-0.03992585034606877,0.0,4500.0,0,0.0,0.0,0.11421618713918207,24975708363.795345,,-1.0408540003633786,0.0070754625999816245
0.45454545454545453,-1.2201814138707852,0.4535010845041954,dim11.csv,-0.2443889584248551,-6106000737.47046,,-0.853289350635223,-0.19602010475094148,8.807172622916703,0.8702692821455645,76440858730.56973,,1.329145266034656,1.1660263704045715,0.03774174479259214,6110311862.487942,,-0.4922718253552942,0.2002264387067301,0.027509071984997108,1025655345.1171341,,-0.6582986986643826,0.1726529389403497,-0.6295449376000399,-32757960819.870502,,-1.4496521980761028,-0.633768887439165,0.0,6682.0,0,1.3605071970830726e-05,1.3605071970830726e-05,0.35269942197636356,17598073435.789272,,-0.21188440439293266,0.5608679614663379
1.0,-1.4638545903296623,-0.0010068154730052032,g2-8-60.csv,0.3941851729130828,2192.104722566749,,-0.38236607345761575,-0.1014436220549759,7.518607216815252,0.44242937195386944,5707.814172713337,,-0.28112442187218845,0.04763112159209858,0.40796336973024666,2662.469635197436,,-0.34718419210750506,-0.0409790998053187,0.4099420290499311,2272.363645572173,,-0.3558288352377359,-0.03455370315840017,0.36165939792824264,1979.6410388656025,,-0.4043871707703648,-0.1321201804775129,0.0,1842.0,0,0.0,0.0,0.42361004045466005,2379.1856108391266,,-0.313199433004004,0.015300041631692018
0.9375,-1.787566712349876,0.031291603890037954,g2-16-50.csv,0.49614756757959516,2310.618518369436,,-0.5983312347478031,-0.02252495919469721,7.518607216815252,0.5430619454381309,5079.123925355679,,-0.4202378682565584,0.05918847867958363,0.506965453308356,2540.0487155504875,,-0.5526021547423763,0.0008106731598191237,0.5049034941313532,2388.079586785731,,-0.5689765112067211,0.0015575272891105345,0.47194729103546085,2183.4933042810017,,-0.6724930656415262,-0.0692722711219236,0.0,1842.0,0,0.0,0.0,0.5191795271398946,2494.6879802614003,,-0.511153570160477,0.03365122665146255
1.0,-1.050263289718826,0.026805334067900664,g2-8-90.csv,0.22351495944467803,2129.917758783081,,-0.1964373760418746,0.0024587178373501176,7.518607216815252,0.26940035436942533,10057.134394162167,,-0.031825450631694174,0.09427788356247656,0.23243339208412644,3124.2853494590063,,-0.15185231527399862,0.03484794890449408,0.22928229860126087,2212.21620381101,,-0.16661676361973776,0.02507083792625842,0.20622875476445,1982.708616204312,,-0.20793982744902495,-0.013577628457883103,0.0,1842.0,0,0.0,0.0,0.2426432894263926,2367.099285575688,,-0.12568805863379162,0.07099610473282192
0.86328125,-1.9559907641967351,0.05192150059655856,g2-256-80.csv,0.266919145623029,2339.4272066885233,,-0.2226449282118531,-0.01632907265129922,7.518607216815252,0.4924744910228832,9768.850142224313,,0.08986702423716952,0.15831892276736978,0.27967860662565786,2492.7455545683097,,-0.16010440528424374,0.011523832930028906,0.27970961494757085,2466.8997393782947,,-0.16607065954913414,0.014684133208244084,0.06980651263833586,626.0528698171281,,-0.36706904065645274,-0.11856298372322424,0.0,1842.0,0,0.0,0.0,0.29248960029172544,2596.5354488868293,,-0.10428560735275705,0.040910220394893754
0.78125,-1.9546131055356117,0.06079908418690559,g2-32-30.csv,0.7357320277458297,2423.8734370217285,,-1.125744735760601,0.020442930675459593,7.518607216815252,0.7651875604171154,3498.2327916836966,,-1.0201290570225365,0.07059986561591891,0.741550358412678,2487.923021369983,,-1.0966335256318944,0.03520847377732739,0.7423383126499545,2466.223786257173,,-1.0932890482801247,0.040157711434013935,0.7145926141154822,2291.0072595441857,,-1.1422997157687114,-0.024037812687290872,0.0,1842.0,0,0.0,0.0,0.747415033538027,2509.8687560488825,,-1.0788440388311025,0.053244623896203915
0.8125,-1.919930032911141,0.04270829498558676,g2-16-30.csv,0.7417412016696857,2429.5408021297962,,-1.1372333959794172,0.01632413220642345,7.518607216815252,0.7645283444875447,3442.3856587878577,,-1.0307176320751887,0.0849745036143662,0.7474830683030622,2510.3090824456476,,-1.1239509029971337,0.03484879642437744,0.7481553449236961,2463.5046931369616,,-1.1288189511244808,0.0315217126824002,0.7299462161225593,2324.1661848202452,,-1.1826128111273744,-0.009711244624572108,0.0,1842.0,0,0.0,0.0,0.7533380185812566,2500.2363178765017,,-1.1087829655318457,0.05301694474205779
0.796875,-1.9731655753711081,0.10854670821928582,g2-512-70.csv,0.32453953338990343,2372.1373027127897,,-0.29402972383130754,-0.01206377260791127,7.518607216815252,0.6958359693041842,8261.726063821941,,0.06477249659599504,0.14729927055569364,0.3357837780080719,2480.3337840134604,,-0.22989559154763112,0.018749636252889196,0.3359479418522314,2469.9794088800104,,-0.23054275998580853,0.01905815751228234,0.059578940973521545,448.0013809588683,,-0.4812916633937556,-0.17642355955672634,0.0,1842.0,0,0.0,0.0,0.3472190542220936,2570.1693008980515,,-0.16953975410984035,0.051682777012382095
1.0,-1.7758165505836572,-0.004343749927306868,g2-2-20.csv,0.8936983209178931,2443.4896178904796,,-1.6066486767551404,-0.004828120436861452,7.518607216815252,0.8936983209178931,2761.6698001428426,,-1.5789177720638048,0.006701590838966611,0.893698320917893,2588.8797006565965,,-1.5974050418580286,-0.0009848833449187648,0.893698320917893,2575.1796922965314,,-1.5974050418580286,-0.0009848833449187648,0.893698320917893,2443.4896178904796,,-1.6158923116522523,-0.00867135752880414,0.0,1842.0,0,0.0,0.0,0.893698320917893,2720.569775062648,,-1.5881614069609167,0.002858353747023923
1.0,-1.170777285940943,-0.0037937958857177795,g2-2-50.csv,0.5228411092891418,2075.2692091290137,,-0.839602876759018,-0.0009143456166107265,7.518607216815252,0.5228411092891418,4073.2892007424084,,-0.8094823093398449,0.014809875004369474,0.5228411092891418,3022.9072949896818,,-0.8295626876192936,0.00432706125704934,0.5228411092891418,2971.5353850436527,,-0.8295626876192936,0.00432706125704934,0.5228411092891418,2075.2692091290137,,-0.8496430658987424,-0.006155752490270793,0.0,1842.0,0,0.0,0.0,0.5228411092891418,3919.173470904321,,-0.8195224984795693,0.009568468130709405
1.0,-1.3056160140294322,0.032842654608948654,g2-2-40.csv,0.6388309563326524,2224.8092755141215,,-1.0317489644951847,-0.019628253204842183,7.518607216815252,0.6388309563326524,3565.2095218042864,,-1.0093599747568909,-0.009369813375929424,0.6388309563326524,2854.1958558996093,,-1.0242859679157534,-0.016208773261871263,0.6388309563326524,2813.382313140015,,-1.0242859679157534,-0.016208773261871263,0.6388309563326523,2224.8092755141215,,-1.039211961074616,-0.023047733147813106,0.0,1842.0,0,0.0,0.0,0.6388309563326524,3442.768893525503,,-1.0168229713363222,-0.012789293318900344
1.0,-0.7536420068206677,0.09777757453356196,s3.csv,0.3609411911326253,12261262376.240887,,-1.1043136368040325,0.1265119646450641,8.411832675758411,0.3609411911326253,34083564227.286118,,-1.1013356755247177,0.21797294371679965,0.3609411911326253,23115850201.03945,,-1.1033209830442607,0.15699895766897595,0.3609411911326253,23059287100.3154,,-1.1033209830442607,0.15699895766897595,0.3609411911326253,12261262376.240887,,-1.105306290563804,0.09602497162115224,0.0,4500.0,0,0.0,0.0,0.3609411911326253,33913874925.113964,,-1.1023283292844892,0.1874859506928878
1.0,-1.368348294592409,0.04285539788687061,g2-4-50.csv,0.501611513940377,2218.1481542097276,,-0.7101242035698943,0.00029310425731236454,7.518607216815252,0.5256740256312875,4660.629949615496,,-0.6555050954233366,0.04096056193093019,0.5132832049809462,2776.8890213364484,,-0.7015826559252205,0.015644242961420675,0.5145974634246794,2306.942000022411,,-0.6737667084803696,0.01152995818261405,0.4988036989456545,2119.628874750009,,-0.8032921113168063,-0.0014435064504755794,0.0,1842.0,0,0.0,0.0,0.524415064518999,2806.729873401783,,-0.6652251608356958,0.026881096886722366
1.0,-1.7160330179687344,0.0068804986501337356,g2-4-30.csv,0.7500933349012715,2353.126773454331,,-1.1826638128766642,-0.013942073456661864,7.518607216815252,0.7658014953779021,3200.097212662945,,-1.1419576051774536,0.0018027163326043364,0.7551481874811522,2557.550002569208,,-1.1712418462089031,-0.010393010759061436,0.7518771274124183,2387.230744573624,,-1.1691769012466628,-0.010576451857846381,0.7495938746820213,2302.8176641831233,,-1.2046559771648342,-0.02222185565315732,0.0,1842.0,0,0.0,0.0,0.7616461651008822,2568.419496703451,,-1.157754934578902,-0.007027389160245952
0.6666666666666666,-1.155589436616762,0.4081513475149776,dim6.csv,-0.29508334021122506,-2035837690.2010958,,-1.075735379760439,-0.262351704223851,8.201385955238608,0.5473802188470444,70924950356.29297,,-0.2772660592592473,0.49618849434653395,-0.04933684144283081,9960441576.982256,,-0.8303650855234195,0.06061157188526193,-0.20098059989111833,315981612.0739932,,-0.9182048770442996,0.0995315260555136,-0.6259563492540273,-41731622485.97647,,-1.2943512875291487,-0.42697542109708847,0.0,3646.0,0,4.5712196013896505e-05,4.5712196013896505e-05,0.21434419175354108,24128344096.569492,,-0.5639896179593521,0.38366244671493194
0.9375,-1.5054580961926327,-0.008950439303300192,g2-16-80.csv,0.2690596272055974,2223.1321695297306,,-0.27644950198488283,-0.04152535504112744,7.518607216815252,0.3276256697226934,8806.613237742551,,-0.005935884352784804,0.10574872201976429,0.281301525819688,2712.848416057981,,-0.17968318475245804,0.000562449858559565,0.2811957926850577,2356.064705575323,,-0.18086922799189753,-0.003848786268402665,0.23387709331258413,1923.9725347539838,,-0.3252345258318705,-0.13136526972532742,0.0,1842.0,0,0.0,0.0,0.29377591503935546,2502.312627059716,,-0.1005749562927889,0.03519154989111042
1.0,-1.2681674107294738,0.03451818508600264,g2-8-80.csv,0.2787042584992072,2259.5953108587664,,-0.3439497067230529,-0.021694153095333447,7.518607216815252,0.31508445621437975,8387.261298178006,,-0.13662744438860974,0.04960772547522477,0.2860877436729101,3006.4380604155494,,-0.2791463139694172,-0.008648166542128579,0.28718657122489955,2338.25516908563,,-0.28492827726376535,-0.012129749825434202,0.24596608249797183,1973.198935927401,,-0.4064166497041586,-0.06200059240203183,0.0,1842.0,0,0.0,0.0,0.2993993637925734,2433.2233430410342,,-0.20838262981784894,0.0004111471639857136
0.818359375,-1.9681473719644529,0.08225597926468506,g2-512-90.csv,0.22383038713702647,2346.3694801455094,,-0.17832866856347285,-0.024496994996660693,7.518607216815252,0.4535301742675031,11923.463677213615,,0.35744864286890543,0.15432103816482398,0.23585288648575087,2504.160359920243,,-0.11609332847774007,0.008352713172300161,0.23597119439529352,2488.2556717216303,,-0.11446219147639347,0.008180630147583766,-0.1053097635542203,-1080.8932807489675,,-0.38065188371474656,-0.14211190850149222,0.0,1842.0,0,0.0,0.0,0.24816836895538336,2631.9104942258045,,-0.049882859954949565,0.04071974876458853
0.5,-1.9383962141655162,-0.0061322932290837386,g2-2-10.csv,0.9709833812413611,2496.208408898293,,-1.8837556971359632,0.007144556772933863,7.518607216815252,0.9709833812413611,2605.691014655327,,-1.8820689547477878,0.008315311363879998,0.9709833812413611,2533.6232059035324,,-1.883193449673238,0.00753480830324924,0.9709833812413611,2516.296700030255,,-1.883193449673238,0.00753480830324924,0.9709833812413611,2496.208408898293,,-1.8843179445986884,0.006754305242618484,0.0,1842.0,0,0.0,0.0,0.9709833812413611,2553.7114970354946,,-1.882631202210513,0.00792505983356462
1.0,-0.9953741269915417,-0.012745056009212703,g2-2-60.csv,0.4049603294962746,1920.0233029068252,,-0.7447118420735519,-0.018215353627476134,7.518607216815252,0.4049603294962746,4827.696669420916,,-0.7286076043772951,-0.0004325133093988657,0.4049603294962746,3331.029872119021,,-0.7393437628414663,-0.012287740188117045,0.4049603294962746,3288.199758074171,,-0.7393437628414663,-0.012287740188117045,0.4049603294962746,1920.0233029068252,,-0.7500799213056375,-0.024142967066835223,0.0,1842.0,0,0.0,0.0,0.4049603294962746,4699.206327286366,,-0.7339756836093807,-0.006360126748757955
0.8,-1.455285185061085,0.11667540188109589,dim5.csv,-0.23661033306921858,-11077742727.958206,,-1.07226574401916,-0.8909577500563702,8.018954683155718,0.8233897428886755,74856788040.69212,,-0.27681638051014934,0.6493180351777321,-0.010698801720619183,13190840175.280561,,-0.8418156996038034,-0.16293225496461572,-0.07798302170950659,-2081206382.1971877,,-1.072051216391942,-0.09933538618011375,-0.32950542947973427,-16241441727.761421,,-1.437822694348651,-0.9155514796942532,0.0,3038.0,0,0.0,0.0,0.13182812174665265,29282216501.86695,,-0.35012246274911485,0.4418653059299265
0.80859375,-1.9655341412758578,0.13821625099425386,g2-256-50.csv,0.48903159978834476,2403.2400313229655,,-0.5482969102950647,0.01852636850713982,7.518607216815252,0.6090228277599398,5366.388500620146,,-0.25266581213346884,0.15646504254662313,0.4990855199583313,2482.666172340602,,-0.4899942028738946,0.04711501385430589,0.4992994031845606,2473.4800383177017,,-0.4899823160483898,0.04166907237967983,0.2869673774171908,1443.060484406046,,-0.6852410436691487,-0.05199516899744135,0.0,1842.0,0,0.0,0.0,0.5092814593237225,2542.76846431653,,-0.44146961448412614,0.07861353393073872
0.90625,-1.8770366390372792,0.06542960625061278,g2-128-100.csv,0.18165926576823552,2231.575130296108,,-0.14538508856889432,-0.043975994204305605,7.518607216815252,0.32853831885487916,13525.354413377047,,0.2366689048618431,0.1647159895226053,0.19672041822444863,2502.179024142526,,-0.07301504711120817,-0.002164398824080465,0.1968507124023529,2427.113331664269,,-0.06475286499593147,-0.002552133222103229,0.07504741838651292,901.3071086796641,,-0.3470998429227494,-0.14674148700843284,0.0,1842.0,0,0.0,0.0,0.21156327624569682,2622.538935343524,,-0.01280867550460807,0.042046917789049246
0.03125,-1.9944381685497696,0.021706436659068105,g2-32-10.csv,0.9625647693857089,2489.086855766322,,-1.859008575919702,-0.022461843024463583,7.518607216815252,0.9670566147457108,2635.024342090907,,-1.845437804739711,-0.011564126807614539,0.9633340572572894,2503.7895163079047,,-1.8560728027549687,-0.020142690900045244,0.9633240630167317,2502.2960524569744,,-1.855531079922428,-0.01994453188214429,0.959813797457821,2445.2631819203193,,-1.868038605836557,-0.029917942570575395,0.0,1842.0,0,0.0,0.0,0.9641760477499239,2516.264588976746,,-1.85236809260503,-0.01748290797286498
0.00390625,-1.9870704531952839,0.11091355790520675,g2-256-10.csv,0.960870601053277,2480.2227172894395,,-1.8420450416338743,-0.10692358263809193,7.518607216815252,0.9760464592852046,2661.762333528549,,-1.8178560640340855,-0.09394409544090751,0.9616986612077936,2492.320556436274,,-1.838207049029553,-0.10441755087261267,0.9617232565240754,2491.671144240756,,-1.8383097913327386,-0.10451628916081658,0.953403174440165,2431.8026493886096,,-1.8564568750802355,-0.11234299757030729,0.0,1842.0,0,0.0,0.0,0.9625483061564768,2503.510063483414,,-1.8344571548871427,-0.10193749431931184
1.0,-1.1025366379069736,0.04108364927102666,a1.csv,-0.025808373138059823,-1365794385.009862,,-1.223643798500227,0.03821949073803241,8.411832675758411,0.0,55271488795.34273,,-1.0916433048018712,0.08336206214837184,-0.025808373138059823,25802396848.116158,,-1.1796436339341083,0.05326701454147889,-0.025808373138059823,24651946491.065884,,-1.1796436339341083,0.05326701454147889,-0.025808373138059823,-1365794385.009862,,-1.2676439630663456,0.023171966934585935,0.0,4500.0,0,0.0,0.0,-0.025808373138059823,51820137724.19191,,-1.1356434693679898,0.06831453834492537
0.0546875,-0.7356319304117394,0.2598707719896017,dim256.csv,-0.17554324415389314,-405.5625997261955,,-1.3003751640451875,-0.2303291429401073,6.825460036255307,0.8440980910098885,4791.749931548878,,0.23636416240233116,0.9156061481450745,0.0030850377989729413,16.247319556207778,,-1.0405530330764754,-0.015494929412869502,0.0025921014959092905,9.332258768824166,,-1.0996990180855621,-0.0017279373597412538,-0.8854407551565229,-2698.319346881933,,-1.699954982424318,-1.2223283111467467,0.0,921.0,0,0.0011748439196525517,0.0011748439196525517,0.1830834555058683,430.083894809517,,-0.8472733460651872,0.22219194397770833
1.0,-0.775935027196871,0.06533985987475356,a3.csv,-0.03239966543891375,-9186147.979542932,,-1.2600671102099306,-0.06708058858463874,8.817297783866575,0.0,284844251.6370512,,-1.2034493685495526,0.029283628371637217,-0.03239966543891375,137171457.9207056,,-1.2411945296564713,-0.03495918293254675,-0.03239966543891375,136513864.01265702,,-1.2411945296564713,-0.03495918293254675,-0.03239966543891375,-9186147.979542932,,-1.2789396907633899,-0.09920199423673072,0.0,6750.0,0,0.0,0.0,-0.03239966543891375,282871469.9129055,,-1.222321949103012,-0.0028377772804547667
1.0,-1.0420824935415762,0.009135843166891531,g2-4-70.csv,0.29634857989866153,1964.3230311383659,,-0.454609212211623,-0.03306702252595581,7.518607216815252,0.3450162943407916,6415.112396428084,,-0.25390481638114837,0.044708774488209896,0.3211355551874004,3054.6342670655904,,-0.4026014558868515,-0.004599764888481706,0.3246683392460029,2083.3975137137504,,-0.41855949328620956,-0.012066311579032174,0.29494559034507206,1803.8787392491333,,-0.5193820205938384,-0.03897521088407237,0.0,1842.0,0,0.0,0.0,0.3411661880478713,3137.8335693908975,,-0.36655173696143806,0.016400946058441924
0.875,-1.8839973024531103,0.013846055998785179,g2-32-50.csv,0.4955963793576413,2384.1367486926147,,-0.5540641050768589,-0.043511447256514985,7.518607216815252,0.5463972439363355,5173.057594801955,,-0.29282401046123985,0.11516209699713259,0.5061481544171096,2535.2256383267104,,-0.48851461868065377,-0.0041591296830277265,0.5059725561883783,2467.5722631034805,,-0.4902317318407474,-0.00932893711351851,0.4564145266899559,2094.2842085893694,,-0.6732413132013391,-0.1096269976421641,0.0,1842.0,0,0.0,0.0,0.5171485059737997,2547.357337335549,,-0.42021005836566283,0.02320699086719266
0.02734375,-0.10571149510137845,0.41420457240619374,dim512.csv,-0.17515023687237968,-378.0323862295238,,-1.3160620002124717,-0.3134097240779347,6.825460036255307,0.8842146219012286,4667.849379219184,,0.9834930806073579,1.2553349527420148,0.0042188124566373926,13.86617525871733,,-1.03295983157121,-0.056907762414394075,0.0032923134532614716,8.211654982769593,,-1.1052718007200162,-0.06862557736092564,-0.8872212904514916,-3056.40314049002,,-1.7209727418960692,-1.126946295023457,0.0,921.0,0,0.0011048622421281217,0.0011048622421281217,0.1844710958850587,401.46973870556553,,-0.8544984541630042,0.1736088201784583
0.625,-1.9636095360139192,0.0037508945056835543,g2-16-20.csv,0.867093274135905,2467.021120000991,,-1.5210510262039314,-0.008501901414208927,7.518607216815252,0.8783576185668078,2907.556751128386,,-1.481435841380084,0.023267015224602203,0.8692213846636218,2503.8414949768558,,-1.5121574981526427,-0.001589738375392764,0.8694558356280104,2483.522586772165,,-1.5174366811949964,-0.0025917970961268394,0.8565490563521683,2419.498044010212,,-1.5314724367005867,-0.021569122093070534,0.0,1842.0,0,0.0,0.0,0.8718107929504559,2500.052599036543,,-1.5084358839347827,0.005319121177763165
0.8359375,-1.961448933451783,0.1294598743136774,g2-256-60.csv,0.39787055941165655,2383.012359183774,,-0.4026295320158275,-0.0576711647416671,7.518607216815252,0.5196849766183335,6410.296027391525,,-0.05271615273090324,0.07958411026090702,0.408703401975165,2479.3794814380276,,-0.3369800627696205,-0.02971679964639144,0.40879757722756116,2466.238245335909,,-0.33099187533729224,-0.03203390301039818,0.2689826723427379,1557.6514085898414,,-0.5657508013893708,-0.1649851771743762,0.0,1842.0,0,0.0,0.0,0.41978003405140873,2549.349952906442,,-0.277976705731416,0.004478754550077778
1.0,-0.6667790222257817,0.02415697681363004,g2-2-100.csv,0.18186736587747396,1735.6558354432548,,-0.5425306977150451,-0.04139419872394871,7.518607216815252,0.18186736587747396,9866.372148215252,,-0.49924166404254766,0.02097430760528293,0.18186736587747396,5642.2316859287275,,-0.5281010198242126,-0.02060469661420483,0.18186736587747396,5483.449380028202,,-0.5281010198242126,-0.02060469661420483,0.18186736587747396,1735.6558354432548,,-0.5569603756058776,-0.06218370083369259,0.0,1842.0,0,0.0,0.0,0.18186736587747396,9390.025230513675,,-0.5136713419333802,0.00018480549553904872
0.68359375,-1.9656085370975371,0.16962749875748773,g2-256-30.csv,0.7292334895563005,2441.7274525953353,,-1.0896007857324355,-0.11955432681553324,7.518607216815252,0.7805714986876044,3625.7603392033666,,-0.9001270926644462,-0.03896483629359209,0.7347098819275355,2481.463327803825,,-1.06660222747935,-0.10401127766231968,0.7348407270970618,2477.7038372550433,,-1.0691720415053778,-0.10416863563590269,0.6704638567146779,2250.188311125344,,-1.1505407560219503,-0.171375062957031,0.0,1842.0,0,0.0,0.0,0.7403513897181844,2515.260152981815,,-1.045499131061693,-0.08840624989331797
0.59375,-1.978678766700489,0.058445092351378104,g2-32-20.csv,0.8633632176920236,2458.9148162466577,,-1.5234320299652038,0.03674917619891517,7.518607216815252,0.8784401895389456,2944.806528635654,,-1.4628655149381593,0.06411746609196149,0.8662920706761353,2495.3430017643423,,-1.5020751632444325,0.04246608834322133,0.8664548937090941,2485.891964370494,,-1.5010279330139744,0.04518945446302708,0.8526893221543078,2387.812626617385,,-1.5346219491026647,0.014571155382648802,0.0,1842.0,0,0.0,0.0,0.8692179980755829,2513.0027513017812,,-1.4893575710138944,0.05193631196510549
0.5625,-1.9802830399087132,0.09732183889402629,g2-64-20.csv,0.8611568787727543,2462.407408079096,,-1.5006948182150532,-0.08054271200954388,7.518607216815252,0.8784213968742395,3016.7350275218655,,-1.4449418838906138,-0.0407619873510401,0.8639138419121355,2489.8834519866205,,-1.4864684101801193,-0.07268587454348588,0.864084292994469,2484.794133475587,,-1.487781566083192,-0.07123773934258511,0.8484290753188356,2388.44904960659,,-1.5209663779622669,-0.10478528819337428,0.0,1842.0,0,0.0,0.0,0.8668963497330384,2506.9354416473375,,-1.4749456783597714,-0.06289975753980162
0.38461538461538464,-1.1937149755828114,-0.005987956010057507,dim13.csv,-0.27174073830802314,-6482097938.077527,,-1.191564712450869,-0.34912555521813693,8.97423821949758,0.8327995973760516,70478283943.69408,,0.2967295526811995,1.2308063650260865,-0.04324574908398829,1912468831.4134839,,-0.9137744527632675,0.07042053068268297,-0.08097112851821123,-274945280.1790252,,-1.0715590211434578,-0.11480905223976713,-0.8532104174969313,-41941202524.447266,,-1.2390975547451555,-0.6147690676638139,0.0,7897.0,0,9.740797381673664e-06,9.740797381673664e-06,0.23131858193971883,10310589315.625422,,-0.8195245549702816,0.41191059928641877
0.9375,-1.7029035304868017,0.053742483060653996,g2-16-60.csv,0.40788149220245273,2325.2473212405803,,-0.4055284759457526,-0.04816531678964405,7.518607216815252,0.4641711552802597,6230.19999663828,,-0.2073539352297309,0.039479988798179905,0.419209123874413,2621.8545612539883,,-0.3719129935194384,-0.018983063408083256,0.4188066255700508,2415.9742682510387,,-0.3726346385385908,-0.013381090354377062,0.38034906657010203,2089.97241856825,,-0.4886539257894489,-0.10306895510417724,0.0,1842.0,0,0.0,0.0,0.43022598346285246,2528.3930205843367,,-0.3191167950752013,0.02372653602535167
0.75,-1.976175058469611,0.041733056249351544,g2-64-30.csv,0.7325184614371478,2436.237762899712,,-1.1178987935007378,0.011100208931890386,7.518607216815252,0.7738645676409249,3588.3366522938413,,-1.0061240930772513,0.0774344790524149,0.7391268857727191,2490.8975162805536,,-1.0931541242728318,0.028040464843597856,0.7388770213307829,2479.6372348149075,,-1.092211495242033,0.02975064146459938,0.7023900528304103,2292.063118342542,,-1.1662364262171576,-0.029039951839384317,0.0,1842.0,0,0.0,0.0,0.7456807557920418,2522.2032134202186,,-1.0690977226224585,0.04392203687782639
0.9375,-1.7258397970731443,0.06093256135897021,g2-32-80.csv,0.2661869252915363,2267.0894075766073,,-0.21117283723357927,-0.02143021905748282,7.518607216815252,0.34104454348807217,9100.607680879662,,0.0418783882784175,0.15915536707819744,0.28023656589019297,2592.080851904436,,-0.1615462860110793,0.007768418135715086,0.2806850422758516,2402.85279002053,,-0.18314005296364533,0.009865862762857811,0.20507349865012606,1684.0884432939893,,-0.35774908151392015,-0.08336979917675512,0.0,1842.0,0,0.0,0.0,0.2968019741848743,2579.1460883742902,,-0.11447688997747263,0.03033556486377836
0.8671875,-1.951966582891493,-0.004038587239714627,g2-256-90.csv,0.22220556725996463,2312.958312470032,,-0.18353853814825327,-0.03668888192316915,7.518607216815252,0.5160486666239722,11366.577825274346,,0.2222419605919943,0.12209345209006872,0.2356310459453874,2500.1966883078558,,-0.11499118086287449,0.0019272457201512548,0.2356376334577952,2467.254704932467,,-0.1219483574891449,0.002427897467164591,0.11774193349141734,1211.9007254825979,,-0.37819285675004943,-0.16758244920720033,0.0,1842.0,0,0.0,0.0,0.24919066889777206,2627.8373247114087,,-0.05399793156952015,0.046111624579195515
1.0,-1.5320720071244354,-0.00946268594881113,g2-4-40.csv,0.6200071009389,2264.434623555271,,-0.9200770580910346,-0.028590072853264422,7.518607216815252,0.6462160507413881,3687.1066850440666,,-0.8453527446262985,0.039053928422249626,0.6297707053930331,2620.0438343120654,,-0.8924386553382103,-0.006984198910411171,0.6327203155235921,2322.0997050533715,,-0.9005610354163118,-0.018402685900470957,0.6125338062811722,2189.9403639857246,,-0.9232798058939191,-0.030185352262952395,0.0,1842.0,0,0.0,0.0,0.6344266433495541,2653.4822062579874,,-0.8729226326634876,0.003203188042382293
0.921875,-1.7867579175408292,0.0029091782297840383,g2-64-100.csv,0.18239464007094672,2226.17775001902,,-0.1535972922369847,-0.05153237289744199,7.518607216815252,0.2869092284826637,12865.373926387789,,0.16630756137174174,0.16043195798037113,0.19787871612288457,2562.5528519050795,,-0.08067219570258809,-0.0055415147917158986,0.19778579456098458,2411.972486244966,,-0.0796525865017319,-0.01448878740458203,0.12392503857493506,1425.0664555860862,,-0.3564593190930858,-0.16697978622323434,0.0,1842.0,0,0.0,0.0,0.21297203559981928,2607.0770358601076,,-0.0059325345013404585,0.048018345488323955
0.6666666666666666,-1.1118973952995377,0.2063338724451533,dim3.csv,0.04885027507904555,678829310.4912736,,-0.9992674563064141,0.2517605141570708,7.508238774678663,0.18893262374389014,56629526215.40529,,-0.7622292127586618,0.7779396408183495,0.12540197281988322,11038160500.68694,,-0.9202547084571634,0.427153556377497,0.18320939191554816,1171409421.9129512,,-0.9928476266285848,0.30991419856743496,0.004063902800211346,16968953.17397003,,-1.0056872859842434,0.19360682974670657,0.0,1823.0,0,0.0,0.0,0.18750181578680464,6987159279.444833,,-0.8775384196936233,0.5439269196928922
0.125,-1.9784056919752944,0.053852576206077474,g2-8-10.csv,0.9650444344519423,2501.57445352895,,-1.8654401603816213,-0.05088062598986006,7.518607216815252,0.9678825443691265,2613.082681189293,,-1.8551646834008322,-0.041041584667683324,0.9657999929291909,2519.2534054363127,,-1.863359488566993,-0.04858157256513018,0.9658330369311151,2512.9681114392224,,-1.8634663579866964,-0.04886548288858081,0.9636090790988714,2477.9067164201106,,-1.8729482176035661,-0.05415902335605095,0.0,1842.0,0,0.0,0.0,0.9665543559922684,2521.047009514844,,-1.8599422404119181,-0.04719241364769583
0.5,-1.6518122368046357,0.11618889205276617,dim2.csv,0.23471581498241542,997094670.6775987,,-1.4042270722443568,-0.09614175791178389,7.103322062526113,0.23471581498241542,70669073488.25461,,-0.6602053767143796,-0.03722685980518354,0.23471581498241542,18363083986.15697,,-1.156219840401031,-0.07650345854291711,0.23471581498241542,1205116226.337117,,-1.156219840401031,-0.07650345854291711,0.23471581498241542,373030003.69904435,,-1.6522343040876828,-0.11578005728065068,0.0,1216.0,0,0.0,0.0,0.23471581498241542,18571105541.81649,,-0.9082126085577054,-0.05686515917405033
0.890625,-1.9257652676373473,0.01532877808558957,g2-128-80.csv,0.2678447112452856,2336.1616288060413,,-0.22741032595649946,-0.03534593841545606,7.518607216815252,0.3562941515070007,9535.509403672295,,0.06124510872452271,0.1009120050426471,0.28176972852769105,2518.235388358302,,-0.1612455356069831,-0.0007052518910464801,0.28148413551692086,2468.8912793464815,,-0.1582424780477385,0.005852152269535834,0.16681402517850213,1489.8148338514507,,-0.3825716213064334,-0.14182314804546603,0.0,1842.0,0,0.0,0.0,0.2961074187456445,2608.6491263068683,,-0.08621671611947368,0.03408052827703487
1.0,-0.7230829765149736,-0.015394134032260297,g2-2-80.csv,0.2461581820983698,1620.4093282400333,,-0.6388200334983448,-0.015561336720265748,7.518607216815252,0.24615818209836982,6854.203000658778,,-0.6384624323692747,0.02386818350599106,0.24615818209836982,4104.289853107613,,-0.6387008331219881,-0.0024181633115134774,0.24615818209836982,3971.2735417658223,,-0.6387008331219881,-0.0024181633115134774,0.2461581820983698,1620.4093282400333,,-0.6389392338747015,-0.028704510129018014,0.0,1842.0,0,0.0,0.0,0.24615818209836982,6455.154066633403,,-0.6385816327456314,0.010725010097238792
1.0,-0.8863661938205287,-0.03704768671305046,g2-2-70.csv,0.36304446431518245,2011.9847773333738,,-0.6783915612666818,-0.007618384923545417,7.519149957669823,0.3630444643151825,5758.206354059703,,-0.6137261643508962,0.00876839027567208,0.36304446431518245,3779.011759434855,,-0.6568364289614199,-0.0021561265238062514,0.36304446431518245,3672.9279531731718,,-0.6568364289614199,-0.0021561265238062514,0.36304446431518245,2011.9847773333738,,-0.6999466935719436,-0.013080643323284583,0.0,1843.0,0,0.0,0.0,0.3630444643151825,5439.954935274653,,-0.6352812966561581,0.0033061318759329142
1.0,-0.9896426776418936,-0.14120419810005852,s2.csv,0.15656159735381492,7347582177.005109,,-1.2308308394059981,-0.12388188806238364,8.411832675758411,0.15656159735381492,50378543932.41735,,-1.0898927562665193,0.08074210201903682,0.15656159735381492,27198242152.07866,,-1.183851478359505,-0.05567389136857682,0.15656159735381492,25533421249.44609,,-1.183851478359505,-0.05567389136857682,0.15656159735381492,7347582177.005109,,-1.2778102004524912,-0.19208988475619046,0.0,4500.0,0,0.0,0.0,0.15656159735381492,45384081224.51964,,-1.136872117313012,0.012534105325230006
0.9375,-1.6055307146619024,0.020678432219414428,g2-16-70.csv,0.3173033372703864,2167.346511567558,,-0.2934815809674878,-0.058615688681645205,7.518607216815252,0.3759598893415506,7309.2959451178685,,-0.056407937843375944,0.11986401794927304,0.33044909448405596,2554.261393897847,,-0.2207816031309121,-0.010716971912893117,0.3306020451796684,2267.1480987708487,,-0.21735699991797341,-0.0010353622160685731,0.27617404825298064,1918.5684737971674,,-0.4173446923222648,-0.1010472455484043,0.0,1842.0,0,0.0,0.0,0.34467347340476157,2423.1743170844334,,-0.14379917757212313,0.01872236324752126
